/*
 Navicat Premium Data Transfer

 Source Server         : mysql
 Source Server Type    : MySQL
 Source Server Version : 80043 (8.0.43)
 Source Host           : localhost:3306
 Source Schema         : job

 Target Server Type    : MySQL
 Target Server Version : 80043 (8.0.43)
 File Encoding         : 65001

 Date: 06/12/2025 17:21:52
*/

SET NAMES utf8mb4;
SET FOREIGN_KEY_CHECKS = 0;

-- ----------------------------
-- Table structure for history
-- ----------------------------
DROP TABLE IF EXISTS `history`;
CREATE TABLE `history`  (
  `id` varchar(32) CHARACTER SET utf8mb4 COLLATE utf8mb4_0900_ai_ci NULL DEFAULT NULL,
  `question` text CHARACTER SET utf8mb4 COLLATE utf8mb4_0900_ai_ci NULL,
  `result` text CHARACTER SET utf8mb4 COLLATE utf8mb4_0900_ai_ci NULL,
  `username` varchar(100) CHARACTER SET utf8mb4 COLLATE utf8mb4_0900_ai_ci NULL DEFAULT NULL,
  `user_id` varchar(32) CHARACTER SET utf8mb4 COLLATE utf8mb4_0900_ai_ci NULL DEFAULT NULL,
  `time` timestamp NULL DEFAULT NULL
) ENGINE = InnoDB CHARACTER SET = utf8mb4 COLLATE = utf8mb4_0900_ai_ci ROW_FORMAT = DYNAMIC;

-- ----------------------------
-- Records of history
-- ----------------------------
INSERT INTO `history` VALUES ('fda416007c85445cac315fa1fbd0f962', '你好', '你好！有什么我可以帮助你的吗？', 'test', 'null', '2025-12-06 05:48:33');
INSERT INTO `history` VALUES ('78d4f07ee2e4448f8e6422e28eca288e', '请生成一份结构化的简历信息，严格按照以下JSON格式返回：\n{\n  \"jobStatus\": \"在职/离职/应届生\",\n  \"jobTitle\": \"期望职位\",\n  \"salaryExpectation\": \"期望薪资\",\n  \"education\": {\n    \"school\": \"学校名称\",\n    \"major\": \"专业名称\",\n    \"degree\": \"学历\"\n  },\n  \"profession\": {\n    \"skill\": \"技能描述\"\n  },\n  \"work\": {\n    \"company\": \"公司名称\",\n    \"department\": \"部门名称\",\n    \"position\": \"职位名称\",\n    \"details\": \"工作内容描述\"\n  },\n  \"project\": {\n    \"name\": \"项目名称\",\n    \"details\": \"项目描述\"\n  },\n  \"award\": {\n    \"details\": \"获奖情况\"\n  }\n}\n\n基于以下信息生成应届生简历：\n专业：计算机科学与技术\n期望职位：大模型应用开发\n补充信息：\n', '```json\n{\n  \"jobStatus\": \"应届生\",\n  \"jobTitle\": \"大模型应用开发\",\n  \"salaryExpectation\": \"面议\",\n  \"education\": {\n    \"school\": \"清华大学\",\n    \"major\": \"计算机科学与技术\",\n    \"degree\": \"本科\"\n  },\n  \"profession\": {\n    \"skill\": \"熟悉Python、Java编程语言，掌握机器学习和深度学习基础知识，了解大模型的应用与开发，具备良好的团队协作和沟通能力。\"\n  },\n  \"work\": {\n    \"company\": \"N/A\",\n    \"department\": \"N/A\",\n    \"position\": \"N/A\",\n    \"details\": \"N/A\"\n  },\n  \"project\": {\n    \"name\": \"基于大模型的智能问答系统\",\n    \"details\": \"参与一个基于大模型的智能问答系统的开发项目，负责模型训练和优化，实现了自然语言处理和语义识别功能，提升了问答系统的准确性和响应速度。\"\n  },\n  \"award\": {\n    \"details\": \"获得2023年全国大学生计算机设计大赛一等奖。\"\n  }\n}\n```', 'test', 'null', '2025-12-06 05:53:42');
INSERT INTO `history` VALUES ('40fcff901de64e9aa3c01e216448d384', '推荐适合我的职位', '当然可以帮助你！不过，我需要更多关于你的信息，以便推荐适合你的职位。请提供以下信息：\n\n1. 教育背景：你的学历和专业是什么？\n2. 工作经验：你有什么相关的工作经验？\n3. 技能：你掌握了哪些技能或证书？\n4. 兴趣领域：你对哪些行业或职位感兴趣？\n5. 地理位置：你希望在哪个地区工作？\n6. 其他要求：例如，期望的薪资、工作时间、公司规模等。\n\n提供这些信息后，我可以更好地帮助你推荐适合的职位。', 'test', 'null', '2025-12-06 09:05:38');

-- ----------------------------
-- Table structure for job_category
-- ----------------------------
DROP TABLE IF EXISTS `job_category`;
CREATE TABLE `job_category`  (
  `id` int NOT NULL AUTO_INCREMENT COMMENT '分类ID',
  `name` varchar(50) CHARACTER SET utf8mb4 COLLATE utf8mb4_0900_ai_ci NOT NULL COMMENT '分类名称',
  `description` varchar(200) CHARACTER SET utf8mb4 COLLATE utf8mb4_0900_ai_ci NULL DEFAULT NULL COMMENT '分类描述',
  `create_time` datetime NOT NULL DEFAULT CURRENT_TIMESTAMP COMMENT '创建时间',
  PRIMARY KEY (`id`) USING BTREE
) ENGINE = InnoDB AUTO_INCREMENT = 8 CHARACTER SET = utf8mb4 COLLATE = utf8mb4_0900_ai_ci COMMENT = '职位分类表' ROW_FORMAT = Dynamic;

-- ----------------------------
-- Records of job_category
-- ----------------------------
INSERT INTO `job_category` VALUES (1, '技术开发', '软件开发、系统架构、测试等技术岗位', '2025-12-06 16:35:42');
INSERT INTO `job_category` VALUES (2, '产品设计', '产品经理、UI设计、交互设计等岗位', '2025-12-06 16:35:42');
INSERT INTO `job_category` VALUES (3, '市场营销', '市场推广、品牌运营、销售等岗位', '2025-12-06 16:35:42');
INSERT INTO `job_category` VALUES (4, '运营管理', '项目管理、运营、行政等岗位', '2025-12-06 16:35:42');
INSERT INTO `job_category` VALUES (5, '数据分析', '数据分析、商业智能、算法等岗位', '2025-12-06 16:35:42');
INSERT INTO `job_category` VALUES (6, '人力资源', 'HR、招聘、培训等岗位', '2025-12-06 16:35:42');

-- ----------------------------
-- Table structure for job_position
-- ----------------------------
DROP TABLE IF EXISTS `job_position`;
CREATE TABLE `job_position`  (
  `id` bigint NOT NULL AUTO_INCREMENT COMMENT '职位ID',
  `category_id` int NOT NULL COMMENT '分类ID',
  `title` varchar(100) CHARACTER SET utf8mb4 COLLATE utf8mb4_0900_ai_ci NOT NULL COMMENT '职位名称',
  `description` text CHARACTER SET utf8mb4 COLLATE utf8mb4_0900_ai_ci NOT NULL COMMENT '职位描述',
  `required_skills` text CHARACTER SET utf8mb4 COLLATE utf8mb4_0900_ai_ci NOT NULL COMMENT '所需技能',
  `experience_requirement` varchar(50) CHARACTER SET utf8mb4 COLLATE utf8mb4_0900_ai_ci NULL DEFAULT NULL COMMENT '经验要求',
  `education_requirement` varchar(50) CHARACTER SET utf8mb4 COLLATE utf8mb4_0900_ai_ci NULL DEFAULT NULL COMMENT '学历要求',
  `salary_range` varchar(50) CHARACTER SET utf8mb4 COLLATE utf8mb4_0900_ai_ci NULL DEFAULT NULL COMMENT '薪资范围',
  `company_name` varchar(100) CHARACTER SET utf8mb4 COLLATE utf8mb4_0900_ai_ci NULL DEFAULT NULL COMMENT '公司名称',
  `location` varchar(200) CHARACTER SET utf8mb4 COLLATE utf8mb4_0900_ai_ci NULL DEFAULT NULL COMMENT '工作地点',
  `status` tinyint NOT NULL DEFAULT 1 COMMENT '状态(1:启用 0:禁用)',
  `create_time` datetime NOT NULL DEFAULT CURRENT_TIMESTAMP COMMENT '创建时间',
  `update_time` datetime NOT NULL DEFAULT CURRENT_TIMESTAMP ON UPDATE CURRENT_TIMESTAMP COMMENT '更新时间',
  PRIMARY KEY (`id`) USING BTREE,
  INDEX `idx_category`(`category_id` ASC) USING BTREE,
  CONSTRAINT `fk_job_category` FOREIGN KEY (`category_id`) REFERENCES `job_category` (`id`) ON DELETE RESTRICT ON UPDATE RESTRICT
) ENGINE = InnoDB AUTO_INCREMENT = 29 CHARACTER SET = utf8mb4 COLLATE = utf8mb4_0900_ai_ci COMMENT = '职位信息表' ROW_FORMAT = Dynamic;

-- ----------------------------
-- Records of job_position
-- ----------------------------
INSERT INTO `job_position` VALUES (1, 1, 'Java高级开发工程师', '负责公司核心业务系统的设计与开发，参与技术架构设计，解决技术难题，指导初级开发人员。', 'Java,Spring Boot,MySQL,Redis,微服务,分布式系统', '3-5年', '本科', '20K-35K', '阿里巴巴', '杭州', 1, '2025-12-06 16:35:42', '2025-12-06 16:35:42');
INSERT INTO `job_position` VALUES (2, 1, 'Python后端开发', '负责数据处理平台的后端开发，设计和实现RESTful API，优化系统性能。', 'Python,Django,Flask,PostgreSQL,Docker,Kubernetes', '2-4年', '本科', '18K-30K', '字节跳动', '北京', 1, '2025-12-06 16:35:42', '2025-12-06 16:35:42');
INSERT INTO `job_position` VALUES (3, 1, 'Vue前端开发工程师', '负责公司Web应用的前端开发，与设计师和后端工程师协作，实现高质量的用户界面。', 'Vue.js,JavaScript,TypeScript,HTML5,CSS3,Element Plus', '1-3年', '本科', '15K-25K', '腾讯', '深圳', 1, '2025-12-06 16:35:42', '2025-12-06 16:35:42');
INSERT INTO `job_position` VALUES (4, 1, 'React Native移动开发', '负责跨平台移动应用开发，优化应用性能和用户体验。', 'React Native,JavaScript,iOS,Android,Redux', '2-4年', '本科', '18K-32K', '美团', '北京', 1, '2025-12-06 16:35:42', '2025-12-06 16:35:42');
INSERT INTO `job_position` VALUES (5, 1, '全栈开发工程师', '独立负责产品从前端到后端的完整开发，参与产品设计讨论。', 'Node.js,React,MongoDB,AWS,Git', '3-5年', '本科', '22K-40K', '小红书', '上海', 1, '2025-12-06 16:35:42', '2025-12-06 16:35:42');
INSERT INTO `job_position` VALUES (6, 1, 'Go语言开发工程师', '负责高并发后端服务开发，参与微服务架构设计与实现。', 'Go,gRPC,Kubernetes,Docker,MySQL,Redis', '2-4年', '本科', '20K-35K', '滴滴出行', '北京', 1, '2025-12-06 16:35:42', '2025-12-06 16:35:42');
INSERT INTO `job_position` VALUES (7, 1, '测试开发工程师', '负责自动化测试框架搭建，编写测试用例，保障产品质量。', 'Python,Selenium,JMeter,Jenkins,Linux', '2-3年', '本科', '15K-25K', '网易', '杭州', 1, '2025-12-06 16:35:42', '2025-12-06 16:35:42');
INSERT INTO `job_position` VALUES (8, 1, 'DevOps工程师', '负责CI/CD流程搭建，运维自动化，保障系统稳定性。', 'Linux,Docker,Kubernetes,Jenkins,Ansible,Shell', '3-5年', '本科', '20K-35K', '华为', '深圳', 1, '2025-12-06 16:35:42', '2025-12-06 16:35:42');
INSERT INTO `job_position` VALUES (9, 2, '高级产品经理', '负责产品规划和设计，分析用户需求，制定产品路线图，推动产品迭代。', '产品规划,需求分析,原型设计,数据分析,项目管理', '5年以上', '本科', '25K-45K', '京东', '北京', 1, '2025-12-06 16:35:42', '2025-12-06 16:35:42');
INSERT INTO `job_position` VALUES (10, 2, 'UI设计师', '负责产品界面视觉设计，制定设计规范，与产品和开发团队紧密协作。', 'Figma,Sketch,Photoshop,Illustrator,设计系统', '2-4年', '本科', '15K-28K', 'OPPO', '深圳', 1, '2025-12-06 16:35:42', '2025-12-06 16:35:42');
INSERT INTO `job_position` VALUES (11, 2, 'UX交互设计师', '负责用户体验研究和交互设计，优化产品使用流程。', '用户研究,交互设计,原型设计,Axure,用户测试', '3-5年', '本科', '18K-32K', '小米', '北京', 1, '2025-12-06 16:35:42', '2025-12-06 16:35:42');
INSERT INTO `job_position` VALUES (12, 2, '游戏策划', '负责游戏系统设计，关卡设计，数值平衡，撰写策划文档。', '游戏设计,数值策划,系统策划,Excel,Unity基础', '2-4年', '本科', '15K-30K', '米哈游', '上海', 1, '2025-12-06 16:35:42', '2025-12-06 16:35:42');
INSERT INTO `job_position` VALUES (13, 3, '品牌营销经理', '负责品牌策略制定和执行，策划营销活动，提升品牌知名度。', '品牌策划,营销推广,活动策划,数据分析,团队管理', '5年以上', '本科', '20K-35K', '完美日记', '广州', 1, '2025-12-06 16:35:42', '2025-12-06 16:35:42');
INSERT INTO `job_position` VALUES (14, 3, '新媒体运营', '负责公司社交媒体账号运营，内容创作，粉丝互动，数据分析。', '内容创作,社交媒体,数据分析,Photoshop,视频剪辑', '1-3年', '本科', '10K-18K', '得物', '上海', 1, '2025-12-06 16:35:42', '2025-12-06 16:35:42');
INSERT INTO `job_position` VALUES (15, 3, '销售经理', '负责销售团队管理，制定销售策略，完成销售目标。', '销售管理,客户关系,谈判技巧,数据分析,团队管理', '5年以上', '本科', '15K-30K+提成', '贝壳找房', '北京', 1, '2025-12-06 16:35:42', '2025-12-06 16:35:42');
INSERT INTO `job_position` VALUES (16, 3, 'SEO/SEM专员', '负责搜索引擎优化和付费推广，提升网站流量和转化率。', 'SEO,SEM,Google Analytics,关键词分析,竞价推广', '2-3年', '本科', '12K-20K', '携程', '上海', 1, '2025-12-06 16:35:42', '2025-12-06 16:35:42');
INSERT INTO `job_position` VALUES (17, 4, '项目经理', '负责项目全生命周期管理，协调资源，把控进度和质量。', '项目管理,PMP,敏捷开发,沟通协调,风险管理', '5年以上', '本科', '22K-40K', '平安科技', '深圳', 1, '2025-12-06 16:35:42', '2025-12-06 16:35:42');
INSERT INTO `job_position` VALUES (18, 4, '电商运营', '负责店铺日常运营，商品管理，活动策划，数据分析。', '电商运营,数据分析,活动策划,供应链管理,客户服务', '2-4年', '本科', '12K-22K', '拼多多', '上海', 1, '2025-12-06 16:35:42', '2025-12-06 16:35:42');
INSERT INTO `job_position` VALUES (19, 4, '内容运营', '负责内容策略制定，内容生产和分发，用户增长。', '内容策划,文案写作,数据分析,用户运营,SEO', '2-3年', '本科', '10K-18K', 'B站', '上海', 1, '2025-12-06 16:35:42', '2025-12-06 16:35:42');
INSERT INTO `job_position` VALUES (20, 4, '用户运营', '负责用户生命周期管理，提升用户活跃度和留存率。', '用户分析,活动策划,数据分析,CRM,用户增长', '2-4年', '本科', '12K-22K', '知乎', '北京', 1, '2025-12-06 16:35:42', '2025-12-06 16:35:42');
INSERT INTO `job_position` VALUES (21, 5, '数据分析师', '负责业务数据分析，输出数据报告，支持业务决策。', 'SQL,Python,Excel,Tableau,统计分析,业务理解', '2-4年', '本科', '15K-28K', '快手', '北京', 1, '2025-12-06 16:35:42', '2025-12-06 16:35:42');
INSERT INTO `job_position` VALUES (22, 5, '算法工程师', '负责推荐算法、搜索算法的研发和优化。', 'Python,机器学习,深度学习,TensorFlow,PyTorch,NLP', '3-5年', '硕士', '30K-50K', '百度', '北京', 1, '2025-12-06 16:35:42', '2025-12-06 16:35:42');
INSERT INTO `job_position` VALUES (23, 5, '大数据开发工程师', '负责大数据平台建设，数据仓库开发，ETL流程设计。', 'Hadoop,Spark,Hive,Flink,Kafka,数据仓库', '3-5年', '本科', '22K-38K', '蚂蚁集团', '杭州', 1, '2025-12-06 16:35:42', '2025-12-06 16:35:42');
INSERT INTO `job_position` VALUES (24, 5, 'BI工程师', '负责商业智能平台建设，报表开发，数据可视化。', 'SQL,Python,Tableau,Power BI,数据建模', '2-4年', '本科', '15K-28K', '顺丰科技', '深圳', 1, '2025-12-06 16:35:42', '2025-12-06 16:35:42');
INSERT INTO `job_position` VALUES (25, 6, 'HRBP', '负责业务部门人力资源支持，招聘、培训、绩效管理等。', '招聘,培训,绩效管理,员工关系,劳动法', '5年以上', '本科', '18K-30K', '新浪', '北京', 1, '2025-12-06 16:35:42', '2025-12-06 16:35:42');
INSERT INTO `job_position` VALUES (26, 6, '招聘专员', '负责招聘需求对接，简历筛选，面试安排，offer谈判。', '招聘,面试技巧,人才测评,招聘渠道,沟通能力', '1-3年', '本科', '8K-15K', 'VIVO', '东莞', 1, '2025-12-06 16:35:42', '2025-12-06 16:35:42');
INSERT INTO `job_position` VALUES (27, 6, '培训经理', '负责培训体系搭建，课程开发，培训效果评估。', '培训设计,课程开发,讲师管理,培训评估,团队管理', '5年以上', '本科', '15K-28K', '格力电器', '珠海', 1, '2025-12-06 16:35:42', '2025-12-06 16:35:42');

-- ----------------------------
-- Table structure for resume
-- ----------------------------
DROP TABLE IF EXISTS `resume`;
CREATE TABLE `resume`  (
  `id` bigint NOT NULL AUTO_INCREMENT COMMENT '主键ID',
  `user_id` varchar(32) CHARACTER SET utf8mb4 COLLATE utf8mb4_0900_ai_ci NOT NULL COMMENT '用户ID',
  `name` varchar(50) CHARACTER SET utf8mb4 COLLATE utf8mb4_0900_ai_ci NULL DEFAULT NULL COMMENT '姓名',
  `phone` varchar(20) CHARACTER SET utf8mb4 COLLATE utf8mb4_0900_ai_ci NULL DEFAULT NULL COMMENT '电话',
  `email` varchar(100) CHARACTER SET utf8mb4 COLLATE utf8mb4_0900_ai_ci NULL DEFAULT NULL COMMENT '邮箱',
  `avatar` mediumtext CHARACTER SET utf8mb4 COLLATE utf8mb4_0900_ai_ci NULL COMMENT '头像(Base64)',
  `job_status` varchar(20) CHARACTER SET utf8mb4 COLLATE utf8mb4_0900_ai_ci NULL DEFAULT NULL COMMENT '求职状态',
  `job_title` varchar(100) CHARACTER SET utf8mb4 COLLATE utf8mb4_0900_ai_ci NULL DEFAULT NULL COMMENT '期望职位',
  `salary_expectation` varchar(50) CHARACTER SET utf8mb4 COLLATE utf8mb4_0900_ai_ci NULL DEFAULT NULL COMMENT '期望薪资',
  `education` text CHARACTER SET utf8mb4 COLLATE utf8mb4_0900_ai_ci NULL COMMENT '教育经历(JSON)',
  `profession` text CHARACTER SET utf8mb4 COLLATE utf8mb4_0900_ai_ci NULL COMMENT '专业技能(JSON)',
  `work` text CHARACTER SET utf8mb4 COLLATE utf8mb4_0900_ai_ci NULL COMMENT '工作经历(JSON)',
  `project` text CHARACTER SET utf8mb4 COLLATE utf8mb4_0900_ai_ci NULL COMMENT '项目经历(JSON)',
  `award` text CHARACTER SET utf8mb4 COLLATE utf8mb4_0900_ai_ci NULL COMMENT '获奖情况(JSON)',
  `update_time` datetime NOT NULL COMMENT '更新时间',
  PRIMARY KEY (`id`) USING BTREE,
  INDEX `idx_user_id`(`user_id` ASC) USING BTREE,
  INDEX `idx_update_time`(`update_time` ASC) USING BTREE
) ENGINE = InnoDB AUTO_INCREMENT = 1997182638488248326 CHARACTER SET = utf8mb4 COLLATE = utf8mb4_0900_ai_ci COMMENT = '简历信息表' ROW_FORMAT = Dynamic;

-- ----------------------------
-- Records of resume
-- ----------------------------
INSERT INTO `resume` VALUES (1997182638488248322, 'null', '半夜撕代码', '15252393509', '1796145608@qq.com', 'data:image/jpeg;base64,/9j/4AAQSkZJRgABAQAAAQABAAD/2wBDAAEBAQEBAQEBAQEBAQEBAQEBAQEBAQEBAQEBAQEBAQEBAQEBAQEBAQEBAQEBAQEBAQEBAQEBAQEBAQEBAQEBAQH/2wBDAQEBAQEBAQEBAQEBAQEBAQEBAQEBAQEBAQEBAQEBAQEBAQEBAQEBAQEBAQEBAQEBAQEBAQEBAQEBAQEBAQEBAQH/wAARCAIMAgwDASIAAhEBAxEB/8QAHwAAAQUBAQEBAQEAAAAAAAAAAAECAwQFBgcICQoL/8QAtRAAAgEDAwIEAwUFBAQAAAF9AQIDAAQRBRIhMUEGE1FhByJxFDKBkaEII0KxwRVS0fAkM2JyggkKFhcYGRolJicoKSo0NTY3ODk6Q0RFRkdISUpTVFVWV1hZWmNkZWZnaGlqc3R1dnd4eXqDhIWGh4iJipKTlJWWl5iZmqKjpKWmp6ipqrKztLW2t7i5usLDxMXGx8jJytLT1NXW19jZ2uHi4+Tl5ufo6erx8vP09fb3+Pn6/8QAHwEAAwEBAQEBAQEBAQAAAAAAAAECAwQFBgcICQoL/8QAtREAAgECBAQDBAcFBAQAAQJ3AAECAxEEBSExBhJBUQdhcRMiMoEIFEKRobHBCSMzUvAVYnLRChYkNOEl8RcYGRomJygpKjU2Nzg5OkNERUZHSElKU1RVVldYWVpjZGVmZ2hpanN0dXZ3eHl6goOEhYaHiImKkpOUlZaXmJmaoqOkpaanqKmqsrO0tba3uLm6wsPExcbHyMnK0tPU1dbX2Nna4uPk5ebn6Onq8vP09fb3+Pn6/9oADAMBAAIRAxEAPwD+/iiiigAooooAKKKKACiiigAooooAKKKKACiiigAooooAKKKKACiiigAooooAKKKKACiiigAooooAKKKKACiiigAooooAKKKKACiiigAooooAKKKKACiiigAooooAKKKKACiiigAooooAKKKKACiiigAooooAKKKKACiiigAooooAKKKKACiiigAooooAKKKKACiiigAooooAKKKKACiiigAooooAKKKKACiiigAooooAKKKKACiiigAooooAKKKKACiiigAooooAKKKKACiiigAooooAKKKKACiiigAooooAKKKKACiiigAooooAKKKKACiiigAooooAKKKKACiiigAooooAKKKKACiiigAooooAKKKKACiiigAooooAKKKKACiiigAooooAKKKKACiiigAooooAKKKKACiiigAooooAKKKKACiiigAooooAKKKKACiiigAooooAKKKKACiiigAooooAKKKKACiiigAooooAKKKKACiiigAooooAKKKKACiiigAooooAKKKKACiiigAooooAKKKKACiiigAooooAKKKKACiiigAooooAKKKKACiiigAooooAKKKKACiiigAooooAKKKKACiiigAooooAKKKKACiiigAooooAKKKKACiiigAooooAKKKKACiiigAooooAKKKRmC/0FAm7dvJN2u+wtFcD4r8W6d4VsbjU9VvbeysbZZZJrm6n+zwxJEFyS7KwyQ/A68YAJxj8efix/wAFDvFUHjOeL4bWlrceHLIC3e61e1a5i1WWFnWWS3KKhtoQQFjHlykoA7jzS4pyXL8Xu3V1eybXezs7aPW1tD8o498Z+CPDlUlxHmCw9SpVdN001eNuVt3s29Jqy5Vfa+7X7eUV+Tnw5/4KReD9akttP8fWN14SvJLfc2pqRf6EjIAFBFnBLfxGc7jj+zEWEIPMdtwI/QPwf8XvBXi+3guvD/iPSdatp40aK503ULa9hlQgnzENqZVwT1yQQQQcHgpWl8MlJ9Umrr5X9ddtLmfCvjb4fcYqMslzzCVlL2aSnXpwneonZOm3zLlas+11ezdl7KrZ4PXsfX/6/wDP69X1RhnjnRXjbcrDIIz059QPQ1aDgD5jjsCe/t9f8/Uatoz9Zp1KdWMZ05xnGUVKLi004vW6s3p57ElFN3L6+h79+RTqC7ruFFFFABRRRQAUUUUAFFFFABRRRQAUUUUAFFFFABRRRQAUUUUAFFFFABRRRQAUUUUAFFFFABRRRQAUUUUAFFFFABRRRQAUUUUAFFN3r6/of8KdQAUUUUAFFFFABRSZHqPzoDA5wenXrSbS1bSXduwdbdXsuv8AWq+8WimswUE9TgkD1x718r/H79q/4Tfs5+G5vEfxM8T2OhWyJuhtGuA2p3h+U7LK0EO6Z8HLZdFUMpJ5Fd2Ay7G5pWjh8BQlia02lGELtu7aurJ6Kzu9l1aPFzriDKuHsOsVmuKjhqDU3zvX+HyOWl10nHdq9z6lMoHUYz7+n4e9CzIxIzz+f9P881/MfJ/wXtj1Lx/eafpXwombwcsq29hqdxqR/ta88h5Enma0gtn2IGGyLLfNscjGRj9rv2fP2oPAfx70s33hm+ZLpLe2kvtOuLjdd2c0qSu0ckIjRsDZ8rYwykk4Iwfqc38OOLsiwf17H5bUp0bXbd+WKsm1KSUmmrqzUWu7S3/O8m8cfD3Ps3WT5bmqrV21FSdoXblypKMklK7/AJZtrtazf2PRUcJDRRkdCo/H3/E0/cM4zz0r4nXqrNbrs+q+R+uqUWk1JNNXTvunsxaKKKBhRRRQAUUmR6j86RmUZz26jGff6UWb2VxOSirtperS/FhvX1/Q15h46+I3h3wPpVzqOv6nb6VbQAkzXcohVtpXKoSjbiQ306YPpzfxa+LXh/4aaDea3q95FFbwRkiJpFVpZAFZQoYBuW4wDn8jj8Cv2hf2h/Efxi1+5hkuJrfw9DK32DT0YrG68Ks8yDCszIFwCCQoGfbgxmZ0sFKMYpVqjtKUFJKEUmmnKSUrve8Utkk2m2o/zV44ePmS+G+VV6VBwxecyhONLDU6/vwpu0aldqMJNcl4qnd805S5oxUEqq3f2pv2pNd+MeuXehaHdXFl4NsbiRI0V2jfVHjYqJ5sYzFhQY0xggAkZwB8aJmMYUkZ6+/X/E1eMarkBQCc/ifbPvXmPxU+J/hL4PeDdX8f+OdRi0vwzokayX9yW3XTs/ENrp9oBuvr2chlhtkeNnK43c158sXPFylUlL3rJcsXpBWtGMUrWUV827ybcnJn+NvFXGHG3jVxrUwlP2+Nnjq9aKpSrS5KFFShKjGnQlB2qPnqOU3O8r33cnPtwB1HcDnnp94dfZs/jXQ+HvFfiTwnex6j4a1vUtGvIm3JNp93LbnO4MdypIiMGKjduxkcZFfxNftWf8FLPi18XfjZbeNvA13qfg/w/wCEZjD4F0TSXkaWymkkSG5ZkWMm5vLp2cSyZ2/YCNNQGIAv+/X/AAT9/wCCjfgr9rLQrHwt4uv7Twz8XrCyjtptLnOyx8VvaqI/tdhcOY1h1C6ILfYAksjPvGdysTzt1qX7yFSolzPW7S0s7PVp2um4vW2tmk7fu/GP0YvEXwq4Qy/i/J8zzHEfV4qtmdPBzq08TlsJU6VSLxFCNSrKdGMpTjOVounFQnUpxvVVL+i34bft7fGTwkYYdfW28W2cbKuI4VTVNnR2eVVXeSCx+ZL8ZzkYPH6SfC7/AIKDfB/xqLew1u9bw/q5ASW21hxZWyzAHeouCggba7Ko8xopGONsYINfgAqtGTlTG5+8ueQfQkY9fpRyMlDtYnO4Hac5yTkc5rso5niLxpzSqptWTun2vprp5HyPBH0svFXw9qwhDHRzzDScYSwuZzqSjH2TSai7VUnJSSly018EbI/rN8P/ABC8O+IYYrnRdWt54pgrJslW6tnVt20xunzAED5dj7fmHysNue8SQkKxYfMFJx93nn5c5OPTvX8jnhz4peN/Atwt14c8SaxpcqMGDWd9cQZCEYV/LkTepHBVsggkEEEiv6cPgJ8QR8TPhn4S8UeYj3es6NaXNzswqxXfl7buIhSduy4WVQDhtm0kDcAPo6lHlhCS9o3JXknT5VF2TVmpSun726VreZ/pX9Hf6SmD8blj8FWwX9n5zlns5V6EpQpOrTnOcJVoYdVa0opzjZpyhGK5VHmu3H6BX7o/z3p1MThVUnLKqg+5AwfryKfXOf1mlZJdlYKKKKBhRRRQAUUUUAFFFFABRRRQAUUUUAFFFFABRRRQAUUUUAFFFFABRRRQAUUUUAFFFFABRRRQAUUUUAFFFFAPZ9QqueOvH1rLu76G0Sea5bbFGODk8YPbHfp+gr8f/wBrb/gqn8Mvgsb3wn4GntPG/jkBkWLcw0PSrn5Sf7RusKbg8cW1qcnIOew9/h/hnOeKMX9RyXBVsbifd9ylG6Snz2cpXUY39nO17X5X5nwnGviJw3wHl39oZ7jKeHj+8SpSmoyvT5L6uMr39pC3u/aWmp+yn2iPpn+f89uKcZlHX27nv07V/I38Lv8Agr/8dNI8fPqfj660rW/CN/NbQS6daaQdOSytovl8vS49OWS7KqXZg1zJdKu7Hlvgg/09fBL4weFfjL4G0bxr4U1CHVNJ1O1hlWeF0doJ3QtJDLsyBIrEnIYq6bXBO4ivb4r8OOK+DqcK2c5fKjSqycKVS7cJTSi5QlJRahK0vdTvz2layTa+U4C8a+DvELFzwWS5nSniadNVZUYzUpKm5SipJWhKavBpyStHS/xI9wByAfUZopqsCBz2HXj+dLuX1H518Kr21Vn1XZ9V8j9mWtut0mvO+1vXoLSN0P0P8qNw5OenXg96a7AITnGRgHHvjpRvotX2v+e9vWwpNRTk3ZLr6fqVXZhnb2xxjPp/jXF+IvGmh+EbC91nxHqdtpmmWcTzTX165htYEiALNLKVIQEMMZwDjFfBv7Xv/BSr4Ffsp2M2n6/qh8QePWglmsPAmgzxzapcmIRti8uJLdodOiAYsZJI5pGCusNvNKojr+Tf9rD/AIKD/Hf9q7WriPxLrc/hjwBGls+keBNCuJrXQ0itN6xyam6OJNevGV23zao8smG8pX0+JEgX9W4F8IeIeN6q5sP9Vy5WdetNSldO7h7OP7qU3JRn/LBO3M2j+bfFH6RXDPBOHlh8tr08fmblKMVFRlTjKDipe/d8nLzq7teT+HSKcv3D/bU/4LT+G/Cp1bwF+znZQ+MNfRp7K78a6kC/hSylAYO2kxpsOvovI85JP7OVvI3i7KPbn+ar4m/F/wCIXxi8U3vjD4leKNT8Ua/eTPIZ7+6klgswxGINOtmbyrOBFAVFjQNjJLDcy15Z9seZ3d33yPy0hJ68HauegHcnqevU5Rzw3f3+vGa/tvgLwf4d4SpYSrSwNOriaMXz4qvBSqzqcsIyUE9IxVrKySVna8nKT/zq8QfG7irj3H4mpiMbiKeDg58lCnWkqDTbcYxgox0hy77ScnaySv1fgmwuNZ8b+FdNs2CS32s20Rd8uu15cupGRkMXJ+9+GM5/YHwh4u8SeB9ch1bwxcT6NfWEECWzWk0lqCUiVfmMToOBnqTjJAPJr8tv2d9MOq/E/TG2710u3utRD44V7aF5U4xwSyKBnuRz0x+l5JYhiSSOhr9WzXJcBnFBYPGYeNejyyXs7LXn5UtbNa8nVWe3c/DY8Q5plGYYfH4XEyVem6ri1eLV3D7Sk3pbR7q2j3P3N/ZV/b9svEf2Hwv8W9TstF15glraaxIQml6rt4EUrYSOC+V2y7D5XMhbOQQf1f0vWLTVLaG7s7iOeCdBJHJE6vG6HkPGwGHRsggjsQSORn+NPc3ZiD2PWvvT9mD9ubxr8Hry08M+OLm68U+Cd0VvaPcSk32hwA7FW0kKyb7SJCdlsQAmDsbLvX8f+Kf0dMTh6WJz/hOLmourVxOUxpJSjSXvKeF5JtVJK8uemoU38Ps6c9Yw/vHwL+lXOUcFw5xlWUoLkpYfHVcQ3Vpcz5FCrUlCPPTSinG6k4Xac4q1/wClSKUMApPPY+vXjpxj9fr1nrzH4e/EHw78RfDlh4k8OajBqGnX0KSxzQyLJsMgLeVLtHyzKCA6nkHnuCfSIpd3yt17H1/wI/X69f4+xGHrYWtUw9enKlWpSlCpTmnGUZRbTTTSaaaa1SP9E8pzXC5phMPisNWhXoYilCpQrQknGcZpOKbX2rPTvs/e+Kakbofof5UZHqPzFMdl2sc8DGevrWOvTV9Nba+vT1PWbS1bSXVt2S9W9EVWbOQDxx1HTgH614d8YfjNoHww0N77Ubtd6ggEg7icKR8pXOR0HXpnk8VkfG7426B8KNBvdQv7yNJI4naOIuPMkYAEBVIyACcEj1xnd938UPir45174ra/PrWuXUqQpKy2NkHby0j3EKxUErkjHbA44x0+E4k4vw+UypUYVEq0o11VSmkk4ey5eV8r50+Z2laKbu0pR5ZP+e/GPxlwPBmWYvBZXUo4nN0oqTdnCgm2pXmruMo6LlSbm3vGMeaWV8ZvjH4j+MPiK7ubq5nh0OGaUWVjvYRtGHIWSRAdpyMELjAFfOckK+a/yA4YrkgHgEgYJ/pXoj2XkKwUcc4xnHYEdO2OPbFcT4gvdI8P6TqWu61qVppel6VbS3l5d3bhIkjjxnnkEnJ+n0yR+cYHiavjcU1Vqc0ZTUVaV9JTsrL02u9b9Xe/+UvGOO4k47zxw/e5ljcwnXlzym06ak4WjTjKMkqdnyxguWKULNSbbPPfGvijw34C8Ka3418V6taaNoOhQpPf3d2+yNVlLBQDzyShzhT1HHNfxe/t4/tyeMP20/iVB8N/AVvq03gu21fUNM8HeEdNtSLrX7v+0N+m6gdNK4m1rUxdFjZgkRg7BwTu9d/4Kj/8FFdW/aJ8SxfCT4O6jc/8K70O7NrLc2TnzfFev7kjbUjGiuJtOc5j0ucvlkxq5KeZIY/6oP8Ag3f/AOCCtv8AAGy8L/tw/tceEobn44a/p1tq/wAJ/hxraSS23w00+4UyW/iDV7TfEF8XzKyT2UUwe70Yym6kmj1CQpD+uZTgnUpSnOTjGSpuMbXbunK7batvtrddtEf3p9GX6NGU8B4alxjxBglX4gxcaVfL1iqb9phouMpOvUpzb5faSlF0qek1GLk5xVT2cfxh1z/g1T/aw0z/AIJ86N+0PpGpNd/tUJav4v8AEP7PdrZwXU9z4KkgW4tdKivbieF4vF2n2Am1GexZd+sXmoDT7ILPZaXHqH8vWh654/8Ag14/lu7SLVfB3jHwdqskNxbzRy2GoaBqFhK8ckckciK8F1A6sOV/e+7kFf8AV6+OX/BwP+wv+z9+2n4U/Yw8V6/Nc6hqkj6X4w+KNofP8EeBfFJvYLSPQNVnWAXFxIA10+o3iC30/QEtUbWrmyE9x9g/OT/gvp/wQb+F37Zfw98Rftq/sk6bpGmftC6b4X1Lxp4o0fw4tu2j/G3R9P0g3b6miWg8h/GzwfPY3qg6hrR/s/T8eb/p9h708NSnS9m4p6fF9pvTVvezaWl7JJKNuWNv7RxOBw+Ow1bCYuhDE0MRTnDEU6lONSFWFSLhOM4STi4SV48rXLGNoxSUUl+PP/BOH/gppoH7Qum6P8K/i7q1hovxNtoltdM1aciGHxKqhUVZncxo164TekigF2Zkk5wV/ZJhtYrnoSPrjP19K/zatF8Qaz4D8QQzxSXen6xo2pEkMr29xaXtnK4wVZRIg3g8YDKdysAQCf6gf+CdX/BU6w8e2+j/AAk+NWrfYddhhttN0PxdfXBFpqEaSSpb2+qTTJGYdQVMIbuWVorsANI0DriTq4by7CzzNRxyVlKmqbavGTblzWTa95cqdru9k+uv+X/0mvojThVxPGPh9h1hsIo4jEZplVOjKdNVZOMoTwsYzi6NNP2ntLQq6Sg7RjByf9AUgRnIYKx6YZc9vcY9a/dr/gmr4y/tT4Y3fhm4n33nhrVGjXc3P2a6YgBF/ub45G3D5fnHIyM/z/pcGVUljmLpIqyRurkq6OAyspBIKsCCCCQQQcmv0o/4Jv8AxCOi/FPXfDFzckR+JNFRrZGYhRc2LyF3UH+JllQkDLNjv2/oDiXhyhQ4Uo1cJGKcFJ1UopOzjCcHu3qk0tk1Lzufzh9DvifG8H+M6w2PhLB08S6uVZhF1W4Slz2w0pycYcqc5SveMrOK1lfT+htSd2MnBJ6+nOOvNWk+6Px/mapIRkHPHP8AUVbR12jn17H1PtX8+XjdpNNpvRNN6O3Q/wB5YzjJJqUdUnbmT3JKKYJEJwG5zjGCOfxFPoTT2afo0/yKTTV0013Wq+8KKKKYwooooAKKKKACiiigAooooAKKKKACiiigAooooAKKKKACiiigAooooAKKKKACiiigAooooAKKKa33T/nvQt10M6mlrXe+i3e23mfD37flt4zvf2XPi/aeAjqKeI5fDF20MmmFxdpp0V1ZNrxjaNkkDf8ACPnVT8h3FVZRyRX8PU6OsjPe7p7ncfOluMzTNL0cyPJly5YHcSSck5r/AEQtQtYr21mgnRJYpVaKVJEVkeNshleNsq6OpKOrBkZWIYHOD/Jl/wAFRv2JZPgX4sm+MPgTSzH8M/FeqxxazY2UZ8rw1rl+n7poLZFYm01CeN3kIceS7EKsrBVk/qX6NfGuV8P5/DLswp0U8XUcIV6qjJRlVTgrKXL5acybSe3Lc/gb6ZHh7nufZR/b+W4rGwoYajKpjMO4ylOnCl7PmUeWS50mm23GNozUk2k0/wAgiTgYGccKo4AyeigcAZ54FfpF+wF+3h4l/Zd8S2fhzxHeXOpfDLVJ4k1a2lkd49JnmO1ry0jYkRuq5ZlXGQCQMbhX5uqc/dP0xx2z/I0DgHA6tuP1Ocn6n+lf3Vx1wnl3HXD2My/GUMN7OMJ+xnTwyc/a1Y+5UUvaJpw9mm0k5XaacJRjI/zN4E414g8P+JqWa5PmGJpYnB1cO5Jzko148826U46R5JJNShPmU1LRJpNf6FHw/wDH+hfEHw1pXibw7fQ3+mavaRXdpNbyLKpSSMSbCQTh0B+bpx75A7PzSvPHHXH8uv8AOv5Av+Ccn/BQPVvgH4hsfhz8Rb+5m+FGp3MMFhfXMzyP4VaVwqOhYsRag83vBEeM/dH+mfo3+2d/wWh+Enwas7rwz8ExafFXxvLZuYNbsblLrwJp8kx2iSTUrdo01kwiC5aaLT5mETQlTJyxT/NPiTwZ4tyjiWWR4bL6+LjV5quGxcKco0J4fmtGpKbTjGSWlSm5qcZJ2Tumf7HcAfSa4J4j4OjnONxkMJmWBhQpZjl1SrFV6OInC/Kr2k4TcXOlKMZ3i+VtVITgv1/+NHxw8B/Bbwo/izx/4l03wto0c62y3+pXP2eGa6kCmG2RmRgXkyQOoHcV/L9+2Z/wWd8dfEGXU/BvwAe48C+HS0trceMrtAuqa3EeGbRbcqTaRE7Qt6t1IjBXCQ2aSxyXn41fHT9p74wftJ+K7vxZ8TvF2qa5czTyGys5JnTTdLt3LFbTStOVhbWVugJ+4gZ2Z3clnYnw9YgxLOcbsE9WLY/vHr9CPxr+gvDr6P2Fy+GFzDiP2eJxUlTm6Cg4xpPV8rk5NSkm078l4taWb0/mHxY+lBmmcVcxy3h2viMJhKknTjNVIybjB2TUVCOj11lJLVaaa9B4h8S6v4m1S81TVb+61HUL2eSe91C8mae4nlkYszNIzOSxLHoxA7VhqoVSo6H73+1nrmlAA6dP8/n9aMjIHdjgD1P+TX9W5fl2Dy7DUcLhKFOjRpQjGMadOKtGKSvZLXTfuz+NMxzTF5pia2KxmIqYmtWlKpOVSo5ynJu7b5m+uy+GN7K3VwYjpU/mbhjI5x1Hv+GfzqGR8AbgQFyfU4JwfTuD37V7X8Jv2ePjB8dr+Gw+FPgfXPF88hPnvY2yrbWaAlPMuZ5JAqRllcK2OdjcdM8Od8SZJkFCNXHY2FNzVRwpuPKm6fJz3ldqKXPG7cdmdWUcO5znMorAZdXrRbtOdGHOqad+RzXuaS5Z28otq+x6/wDsg6SGj8XeJ5YyTA8Gm2zt1BkPmzFT3BjRlPOBuGeoFfaatvAbpu5/Oub0P9nvxX+zNb3nww8b3ej3HitJYdV1QaJeC/s4orsyG1QXChRIZIEDscDaWKY+Uk7oAAwBgDoK9DhrM8PnmFWY4W0sNVlT9lNNTVRJNtppJWd001e9+y1+P4lwlfLMyxGAxMXCvh4qM6b0dOTT0au/e0V7tO61WxYpGG5SucA0tJuHHI59Of5V6OM0pY2+ypu3ayi07dtPuPPyOTeZYJpvmc9bN31adm9z+gX/AIJdXd7d/BTXbaZybe18cXUNlknIS20XRsgccKSuCOOO+Dx+oaE4BPXr+vtXxR+wT4Ot/Cf7O/ghkh8m61uxl8QXrkYeWbVLq9McjYxgiyjtoxwcqgOTwa+1k+6Px/ma/wAiOPMRhsVxdntfCRUaE8wxPs0rNKKqzttbpZ69Wz/ePwipYqjwDwusZ7taWCpVJL+VSVO13ZNtWk9em3Vkm85xkAnOBx25PX0HU/ia+WvjV+0LpPgKxeztkN3qLh0EUUygW5IUh5WMW9RvB4JBbBVT8pIo/tUfHtvgp4Vs7y00i/1W/wBUnltYmshuXT41Ftvu7kGM7kDTIscasHlYMqsirI6fjL4h+NE2valPf6jDJqV5qEjMN7MQuTxkdPYD69+a/C+O+JcxyfCwo5dRTqYiNdTmp+9FQ9ko2/dS5W1OV7Ndr6O3xHjP43ZRwVFZTTxbp4+cazqRTcW1FUeWzcXy8rqSvvdbNWZ33jDxHrXjXWbrWNZuZblLiVzbwybzHEhdmXZG8jgfK23fhd2PugDFef6pbgAbVxgEduPug9vT/wDX1NYh8cXz4CadDEP9op8vP+enT8aa+tS3v+s2gnOQmBjkjA455B6jrnvX824tZ3mmI9vWnOU+aTmvfu02m0tU3ZJ9H6bH8F8S8Y0OOsb7HDTeJxuKdRyjd6tuPLraXNZt69LaLW5las0Njp9zqV1PBbWNku66uLiURRxKwwpyQ2c4OcdOPWv43/8AgrP/AMFTr74ta7qPwD+B2o3Nv8M7O7ew1TU7CRluPE1xHIEMUZVTv02Q7lAz/pGMn9zgSfSv/BYj/gq1pmoWetfs0/ATWnm08ST6b478ZabdbI76SNvIvdC0m5hDCS1ZXkt9XullMU0ZfTLYvm6uYv5afD3inUPDPiHRvE+nm3k1bRNTs9Vt5ruA3EU11ZSSSRmeGRnDo5kYOpYhlJBByCP3Pw+4NjTw6zLMI+/JU5YehOPMtpXrTu9237kbNJWm9XBQ/rD6P/gVgcDh6HF3EmDeIxT5amAw9ekuSpN2lGrOLV44bD8sVCn/AMv6t5TbjBp/3b/8G3//AAQGjhi8Kft/ftqeFVSS6W01z9n34Ua7bLKhV1Wey8b+J7K4TDam4KS+FLCZG3grqtuplNher/ah8WtOPxr+DfxX+FHwZ+K9p4B8Z6p4O13wdY+L/D0dve6r4B1u+0u5sdO1GOwkaF7afSbmRJ4pFbaSjqWhbYzfw0N/wdv6gf8AgnNa+A9M8ATeHf270sLL4ff27ptp5XgRbCLQo0/4Wkv268vUDhRs/sG/F/ZBj/aBJj/0Mfz5f8E9f+C037W/7AP7Rut/G7SvGOsfFLRfiJ4ivtb+MvgbxVrck9p8QJtSmuxeapLfNBcR2fiaKO58/TteNrcXNncedEu7S7/UtMvP2KEI042iktEm1u+l3120SbdlotEj+y+WUpJNcqbSSStGKvoopaKKvolaNlZHA/ttf8Evv28/2Xv2h9f+FXxU+GXxL+I2sapq+p3Ph34g+C9H1nxP4c+I9hJqd8i+INEuoUkuD9rlhnkm0++eO90/5beWKDYltD/p+f8ABFT4Y/Hv4S/8Ew/2Uvht+1BJqt18StF8A6rHquleImd9f8NaVdeL/Elx4O8M3cs250/sHwRN4e0mawdCmlS20uhopGmtLL8kfs2/8HLf/BKb9oPwXY+IfHHxNT4J+Mba1ih1/wAHfFDw3NPdWVz1b+yNa0a01bSdXtWmaYF7LUgkTLJhGyHk+DP24/8AguXr/wC302o/sEf8Ea/Cuv8Axn+J/wASI38L+LPjVLpet6N4M8E+EdVZNJk1m2k1HRre/s/sl3dRj/hIopFbSFij+z7hMWDS1v1790+nlbTvZWV3qejh6CgpNuMnJRfw7aS85a6rtZJK+rt/Ap/wULPw5X9tj9quP4PtAPhhH8evidJ4DSzKmwHhebxXqL6PNpqqoEemz2KwtpkRaRk01bNmlkZyx+SdG16+0e6iurO4ktp4n8yOaJtrKwyQc7WOQTkHqDggg4I/0Sf2aP8Agzr+BOmeFNKuf2x/j98Q/G/xA1C2W81jRfhWul+HdH00zhRFbWfiPX7PX7u/SDa0UnmaDZxq6OY5JQ5WO7+0V/wZo/sz+JPCk3/DLnx2+JHgnxlbmeeO3+KB0fxdo+oLsQW1kbjRNM8Mz2TGQP5l20c6gMpEOQciTjZqUk001KLcZJq2zW22nYmvgqOIpVKdWMKlOpGSlCUE4yTVmmm2mmtHdNNbprQ/Cn/glL/wVf8ABf8Aafh34C/tU6lPDYTiDSvB/wAQ7h/Njs33GK30rXXkEf7hwUjs7tpV8lh5MpERRk/sB+FHhjw/4U8Q6V8R/DMsN5NbrHdaS3mtNaBZwrLKfKZUnjmUoANxAK98mv8ANd/bg/YB/aK/4J9fFm6+Ef7Q3gLVPCl9KJLjwv4ieG7Ph7xbpquyJfaPf3NlZF1fAzDLEkgcMoDL5Uk37G/8EkP+CzusfA7VPC37P/7Rmr3ur/B6a7sbDQfFN9cXOoXngl0Zbe2067S4k58MzArFAbaWGTQGXyrCCPSHEWkfMceZ1xwsnnSyTNcTXjKM/b4WvUnOc6dKMFSjRkpRi3C9Xlpzgv4kYKo1GEV/JfHn0e+GlnEuMOGcshhMzpupVr4WhGChOrzqs69CCgkqjd3OirKVk4tu6P74ZP2pfiz8zI/h8HquNKmyPwF2f0zWAf2rvjSrMsV74eU5wAukTKeOMZ+1EDHPXOOmK+ftG13Q/FWgaZ4t8J6tb614Z1u1hvdO1KyuFnhaG4jEsY8yJmBBU5Bz2IPIr7D/AGYvhFD4p8QQ+MNVtBJbaU+bBZlBgmlwd8jocrISFVRnA/d7iCSzH8A4S4j4yzPOpYLEYmq405xjWThUi6cnOS5JLmVpXjJWk1ZpOPNFpv4zhrE8eYvijDZVVzHMKlJTkqk8RzzhTUZxUYuK9m1P3ZxqRlPmg4X95NSl96fBq88WX3hXT9S8ZzA65fBLm6tVQqlqGyAqgk7eBnHHUA17t1rJ07TobSNQEVTjCqBjAAxjjoAOAvAA4xV6v6bwFCpRor20+epNRcnr0Xm3vdtrptrY/tLL6VXA4HDUK8/bVVBe0nqlzcsbx1cr26u+rva6SbsUUUV2nphRRRQAUUUUAFFFFABRRRQAUUUUAFFFFABRRRQAUUUUAFFFFABRRRQAUUUUAFFFFABRRRQAUUUmR6j86Auu5Rkj68Ac+nQn1x2P+e1eSfFj4aeFfip4K1zwP4x02DV9A8R6fdabqFpOrbXguVVGIZHRlZeCCDgkDcrDivYpujHGcY/pxXl/j74g+Evh5oN74i8Ya3pXh7RNNjkmu9U1i/h0+xt0TaWMlzcYRchs9Se2PTsy2WNWOw88ug6uIjNckYSak25Qs4OKk+ZNaJRbbdtmz5ni6OT1MkxdPO68aGFqQknKdP2qceSamnHmhePwp+8vwuv4h/2y/wBmnxJ+yn8XtW8ManHNc+E9WvLq68Jau0ZWC8055PNihVxlGltVlWFwG3LgCQbwSflM3sb42nkj6HHtgdc1+oP/AAVG/wCCnnwq/aGhtPhj8Lfh+/iPQdA1q6uj8T/EU9npiTz29pZPLH4S0z7Hc6mqbnjP9oanPptwrpiTSNrKx/JjS7q31K1ju7STfHIASNwDxvjlHX+Fh+TDDAkHn/VXwbznPcdwbl8OIcLWoYymvZp1E1KpShFKnKo5NudRwUeZ8sEk1ePM5N/4a+NfDOSZRxtm9ThqrKvgcRiq1ZTdJQjGUp86pwSbioU5uo4KXM7SSlJ206YTrtwSdoJJAwepGSM4Pb6cfWvLfF3h9ruQ3tsMuu449NxPRc88H3xnoOlegq3PlvjI6HswHT8eOneqjgEMhHyZOVPQ9M59c4zX6tXyzDY1J1YRjKndwqOCbjz/ABN6Jte6m+v5P8ky3Oczy2tVanL2dRw54xXIqii5W97ZSjdpqSe6d+VpvwcI0J2Nw6HacdipNSLIwOSTz1zk+vb/AOtXd+IfD24NeWKfMOZYVHX1ZB1J9R+XPB3vgV8BvjL+0prcGg/CP4eeIvFl3LI6y3dhbRvpFpGjFTLe6qkotrGMlGAe+a0jJRgkjFX2/F57meU8OYaticyzCFClQSblyLWF2nVj+896EHbns7xvqlaTX6Zw1lWYcYYmGHyjDyxdebSqxT9+E5Nvkkvi5m4ytbRpJptSTfmIPAJIHAyTwK90+CX7PXxd/aG8Qjw18JvBGseK75VWS5vrWycaPp0Ls6Ca91yRlsdNVmjdd95sRyjKhYo1f0L/ALKX/BCvw34cEPiT9pTxMPGVyDHdJ4L8Oy3qaVAxHkLFeaozRa7dHGFlttIGmRxzIY3l1OJix/f/AOGHwe8CfCjQLHwz8PvB+j+EdCsIljt7PTbC10+EkKEaY2loAZJXRIgZLlkkIjUNEhRSf5U8QfpHYPLlUwfDdWvjsTTcoxr0+WCvK3I1TcJe6+WXLNzjF62d7J/2H4cfRWzTOvZY3PIQwVGSpTXtqU5qmry9qo3rU/ayd43iox5XHqndfgF+yh/wQp0LR7nTfGP7SfiOPxJqK+Td2XhHQJZYdCglGHEep3rFb3VZVyqSRacNLgSaM7X1KBsV+/fg/wCFPgD4XaFa6H4N8NaXoGm2MapBHYWcFtwFVS5SBQgdwoZ5W8yWU5aQl8Eeux24j+bBZ2HzSHliOuFGSETphFAAwCcnJPl3xh8S2/g/wP4j8TXW4waJoup6lIEYK5W0gWdtrEEK2E+U4PzY4Nfy7jeMOJ+NM4pf2vmFaUMVNunhqc5qMHKcfcqPmftObnT5UlGLjyxTi2n/AGavD3hTw94Zq1sqyrCSrYSnFOvOlTjUcpR96VOThKNG04tqUaftGpWnKTTb/lq/aM8TL4v+NXxC11SQreIb7S4Iy25o7XSHFjGNwwCrSRTFQAMAY65J8Zpbu9m1DUL2/u5DLdXt3cXVzI3WSeeR5ZnPXJeZ5HPoWqMsuDz2PrX+pHh9hJZRwxl9CVNrmo05WbcWvcTvaSbd1Ja+XU/xR49xtPMeK8/x0KidPF5ji3SbSVqcJunG15PmV1Jqyiraq97uzuX1/nU9hDLd31nbRq0j3F1bwIijJdpZVQIAOpbOAO/NYzO248/y9PpXu37NHhtvGvxy+HPhry0kS41+LUJFdd6FdJt7i9IccZjJTLKxw2BngGuvjXNqeU8MZ3jpS5J0csxdSk78qc1BQTcracjqKdrNvlsratZ+HGTVs14yyPLeVzhi8fRjOVlL2cIyc5JQ5veVRLkfvRSbTal8L/qe+EXh5fC/gPwx4fRBGmjaHpemFBgAPY2/lvjBxgyFunTPNenkYDEcHGc/Ss7S4RBaxoBjAYnr/E7MOpPQcdc+3YaVf5A46t7fG4mu226lepNt6ttzbb17s/324YyxYLI8swV+V4TA4Wm48t7y9muZLXTVNddz5D/bF8Ff8Jp8GfFNpHETcQWM92siLmZFjVA/lt1VgAGBGPmUHtz/AD52UZW4XcOYgcYPT5m4yQCfc4r+qLxDpEOsadf6Zcxebb39tJbyIeQ0cw2upBKg/L2Y1/Mz8RvDE/gr4g+K/DsqFDpmtXsMWV2g27TPLAFPRlEMiAEZUj61+a8bYNypQrcqakpxtZN+9GLVr9dHHvdL0P4L+mdwtPD43I+I6VNfV8VTxOCrOML2rQhSqU7taK8YVI21bailexlJIzkYJyenOcnk454zwePY1/Ox/wAFcf8Agqo3w40/Xv2cv2f9dI8VXoNj8R/HNi21bGxBjx4U0M2nC3oG1dda9BAwBj7cMj78/wCCnvxt+N3wR/Zq1jWvgx4evbi51qb+zPE/jXT0Mt54A0gz2QXU4IskxtqAmubU6gy+VYJG0jywtJG1fw8/Dvxz4WtfjR4N8b/GjQdY+IPgbTfGVjq/jzwxYaoNP1nxLokNw0mqaZa6pMzRwXl9kn7TcmVfNJdy+5i3zfDOQYbEzjXqxUo0+SXI6dmpSlJJXvaTk43d0uVRSS95W6Por+EmSZth8Nxdi4069WhPldKpGMpqtNziqaip3lTcYOT5oRSs0nK7UfCNY1i+1e+ub29uZbie4kMksshO+R2A3M5IBJJ6k8k5JySTWUHZc4J59Sf8a/vi/bx/4I4/sef8FVP2RvDf7b//AAR/tfB+h+PfCvg3TB4q+CmgCDSbPxBHbaal1f8Ah280tZJR4e+IWlzreMY0jOjatCU1dtRT7X9rH8IHjDwf4m8A+Jtb8HeMdE1Hw74n8O6jc6VrWi6rbS2l/p9/aStDPb3EEyo6MjocHG11wykg1+v0oQhThGEVCKjFJRSSSSVloltt6fcf6M4ehSw1GNOCgqUacIQjGMYqlGMbRSitFHWzsly2Tas2481S5PqfzNJRWhLUbtpLdtNJd90Ff60H/Btv/wAE/wDwF+xd/wAE+PAHxS1PRrNPjL+0b4b0f4n+PNc1LTLeLW7LTNdsWvfDPhpru3vbsJa6fpGoJcGBJI5Ct+yny1uJd/8Akv1/tT/CjxMvx1/4JR+F9e+BDQ2uofEX9iTULX4Xw6dcs0eneIde+EE2j+DXtXvr9RDBpeqDT5ZGS6VISu+JYw52BvR15k27Xit3pu/xaS+ejR/Gb/wWM/4OgPjn4k+LPjT4Ff8ABP3xh/wrr4Y+EL270C7+MFpplhqfiHxtd2t7ew32reHB4htLuHStIlnjdNMeTS/MubNYtQRsXSJF+cv7Dn/BzZ/wUW/Z3+LGj3nxu+K95+0n8JLy9srbxh4C+IOk6Bb3J0kTyLe3vhfWPDWm+HbrT9bS2nmEX25tQ064AWKezJCyx/zpa9pmveHdf8R6F4iguLPxBpmpXdnq1vdh1nhv7O4kgvI5A+GEgkIwDyE28Vz6dA3c9T3PJ79aDpP9fD/got+yf8DP+CzX/BNaXxL4Okstd17xD8K4Pi98C/HcIglv9F1+50Kx1fSdNnuIIDLaNei3tNO1vT5YxK89oouPs99p6Cw/yKNX0jWfB/ijVfD+swS2Wt+HNXvtG1S2cMklrqmlXslndREOqOvl3cDBCyqSuG28gV/RT+yV/wAHM/7aX7Gn7K3wv/Za+Ffw++Ed/oXws0670bQvE3iq38T6jqY0ma5a8gs/sVtr1ppyJBcT3cihYAQZiCzqQsf8+vxL8Xan8R/Hfizxvq8dla6r4u8S654p1MWgJDahr+oXWsTk4ySd0m3IPDHJyTgJxU/da5rpqySbtpe10/nb87GM6VGSlKUItbS2Sd+kntd2er1t3sj96P8AgkP/AMFetQ/Zb8SeHvgn8eNcuNT/AGeNf1W1srrU72S/vdU+G8XnMhvdIWKK6muNGs2k84aZGiTQI7qs76a91aH/AFQ/gD4p+Ffjr4ZeEvGfwa1rRPFHw+8TaJY614b8U+Hbq3v9H13TLwTC3u7W+tWaGcsIWZwjN5avFk7mZV/xx/8Agl1/wTV+Kv8AwUt/aW8MfArwLu0fRWR9d8f+OLu0vLjSfB/hG1ntbe7urlbeW1W71PUXvLe20rTRqFnLPKVmeaHT4tRvtO/19P2LP2Tvhb+xL8AfA/7Ofwg0qfT/AAf4E06OBLq8+wte6zq13vutb1e7nstP04T3Gp6tJe6lK0sO4S3zqgjTEY+fwfD+W5djcXjsNho0q2NlCVVuCveDm207R1k5vmdruy13PlMNkmW4TH4nH0KVJYjEWjflg5QSnOclCSs0puS5la/uKzs2j7AQcZz1/pkU+mp90fj/ADNOr6BKyS7Kx7Tbbuwooopm4UUUUAFFFFABRRRQAUUUUAFFFFABRRRQAUUUUAFFFFABRRRQAUUUUAFFFFABRR0pu9fX9D/hQA6ijrRQAjdD9D/KqDu208+nYeo9qvt0P0P8q+Qf24LrxpZ/sxfGq6+Hs13b+MbT4a+MLzQJdNn8jVRqdrpTSWq6cwVibgvyCAdu0HBzW+GorEYnD0HLlVevToubV1BVG1zNXjdLa3NG990eLn2OeXZXjsxVKVZ4GhUreyjPkdS2llPlnyd78kvTqfH37aX/AAVn+Bf7Mlnd+FNHuW+I/wAVTJNbQ+C/C+oxqmn3kTALD4m1yPT9Rj8P7ySGQ2N/fDDGPT5tuR/JT+0v+3J8eP2qNckm+LXi64m0YapNqFl4H0OP+xvDFkskVtElxHo9xLqTuZDbIVN9d38ckkId1coCPkK6vLjUNV1G81a9a61OaXzL26vALi6ZZGPkW0s0gMjSGUsWctndkk1nuQR5mACB8pwMqueg9Fx0A4xX9/eF/hFw/k+FpY+dKli8bCClUr1aKmqcqsb8lO7cVon7yXS63u/8wPFvxy4pzvG43J/aKngovlhSjJqE4xcrNxgoyUYuy3/eddtWuiu+GHyMzEZAzhvvHA4BIABIA6DjAAHaeD9ZOm376fO3+j3Cjb2ALKWifpwRzE/cldzYB54gMSFJPOAeg617r8C/2Xvj1+054ii8P/BXwBr/AInvPtDW7amtt9m0HTBEc/aNa8QM0mkaPbOxIimu70GUpKFQGNhX7xV4hyHhbBU6mY4/C5fhKbk4utUUIy5HHmUEk1dJx5trcydnax/P2X8O57xtWeAwWEnisbUfxrmTjz83L7rV2nyu/vXS20ubmffPof6/ypCRnkjJ/rX33+0L/wAE1Pjz+yp8KfDvj3x3qWj+KYpJnsvFFv4YiMq+G3klsLbSSt7c3yLrA1CW98tnEGn/AGdogxEySM8X57l2yeq/7JAyPY9eR3GTg9zX0vCvGWQ8a4CpisjxEMRToOEKvs5Rkr1HUhBqSS5nL2NX7Olrq5+f8Z8EZ5wbjVgc8wbw1aoqkqT5XeXs1B1LpxVuX2lP7TupX00Lh5BGM54wa/pG/wCCTf7a3gi80zR/2dfFtlovhPxZYxSf8Ifq1nHb6Xb+LIFU/b7a5CIIx4oZDEoeNV/taPY0Krc2ot3/AJs1fgY5HpWppeqaho2o2WsaPe3Onanp1xFd2N9aSvBc2tzA4kililQhkdGAPB56HINfI+KHh3huNuHcTgKP7nFQiqmGnKUmlWp+0ai7SgkqvPytyvGLS5lyylOn9F4OcfS8PeJMPjuVzoVcTTlXtyrmglyJe9GavBSlJfz3smpKPN/oyKSQCuQDtxnIIydwznBzkZ5wcj1rQjOdp+v6Aivw8/4Jqf8ABRNfjrpFh8LfiVew2/xV8N6Xb2dve3cyxReONPt94juVkbAOuD/lrgb535cPI5e4/cGBi6ROV27kViuQ20smdu4YBx0yODjIr/LbirhnNOFc3xGU5vhpUMTRnNRlKDUK1NPljUpya1i1HbpbrHlk/wDbbw743yPjvhvCZpkdeNWlGEXiKSnGVXD1asU/Z1VG3WMuWdkpq6ajUjUpwvYXaCQOgycf4c18Gf8ABQfxYfC37Pfi0pKY5tYtpNIjwxUlLuS2jum7ZEVm88zKCNyoy554+9CSEBHXA/pX41/8FZfFY0/4e+DPDQkZZde8TSzRqGADQ6fbxmQOp5aJhdIHXjcMBgcCvV8LcthmnHfDuGqK9P8AtCjKpG28IyU5a97Qat1uz57xvzb+yfDjiKtFL2tTB1IU5Oahyu3K3rGV786vta2+p+DnnZJIJIPIPB4PTqaPOPv+QqkGbA57eg/wo3t6/oP8K/1uhFqEUo2XKnZKy2V2f4QZhNYrHT1teU23dO+urT731fS3XqXySTk1+g3/AATZ8KNrv7Qdpq7xlovD2h6zeo+wkLK1ulhnd2JbUE6dhzivzwr9sf8Agkz4Olz8Q/GE0atGJNL0azkK4K+clzeXqq2eQ621rkLwCoyTxj8P+kDm8Mr8PcxTkk8Vei1dJ2fKm20m9HNO1tbLrY/ffoxcOPOPE7LIzi5ww06VR+60ruUrSTv2hJp9vI/cSADYg7fN/M1bqFFwRgcD+oOKmr/MHm5/f25vetv8Wu/Xc/26wtP2dHk/khGH/gEbbdNysVDYBAJ7Z9/zr8RP+CgfgEaD8QPD/i+CBIrTxDZy2F0I4wobUNLaIvPIwJ5uIbiIjeSzbCcnv+4lfAP7eXgc+JPhJd6vBEJLvw1eW+rRuF3SC3Pl2d0iKCWO/wA6F22gkLDuOFBJ8jPMKsVl2ITV3Tg5x8pLVPXfZq3VNn4V9IjhejxN4bZxQnQ9tiMFTnmGFml79Grh0pycVaTfPC8HFNcybV1e5+IV1aW15Z3FndWkGo2F7DJb3dlcRLPBcwSgpLFLFIjJJG6sQ6MhVgeDxx/Kt/wVB/4I4eJvBttrn7Q37MPhS+1P4bebfan4t8B6Zb3E8/gYs4mutR0qH7RLJeaFOQ8v2CwtHuNKSOcw2yaNbRRab/Wj4bmtI9TsFmUFdyg7hxxnp6nrke/bv9ZaLHFLC9u8aSW06Mslu6K0MqMGG2SIgxupDEbWUjBIxya/mnO/ECvwji6c5ySoqU3KDqOFOoqbhdNKnOzUZ26uXkz+Hvo+cV55wzn7w1DGVJYOU8L7fDynKNFyUqqvGlzOPNyyu5RSekHpof5nn/BOn/gpt+0r/wAEz/jFpvxJ+CevS3vh2W8jXxz8LNZv72Lwp410oSq15ZXEcZng0zU2Cb7DWv7Ov5dMux9pitJRLdw3X9in7W37DX7Ef/Bxf+zZJ+27+wJquk/Db9rzwzp4b4ieA7w6Zp134g8QnT0nu/BvxA0q13rDrOoxqtvoXjBLy70fVxazafqZM2nzFPgD/grx/wAEM215vFv7S37IvhhVlVZNb8efB3w/ZoA7F5Zr/WvAWl24RhJJtDzeHYW+zhv3OmiBfsVgf5pP2Hf24/2hP+CcHx+0342fBLxLe+HvEFjcW9j4s8I3jTpo/jTw/b3ZluPDXiW3i2GWyuB56xiSKR7C7KX8EQvrS1mg/d+CuNcn40yyOYZTWjLk9lDE0PaRnKhOpGXLGUly8zbhUSlypPlfXmjH/TzIs9o51h5VqN4PlpucXLm1mm1Z8sYvVPZaaaJNX+UPjB8H/iH8CfH/AIi+GXxS8Lap4N8ceFdRn0zX/Dmr27w3mm3cTsVjMhURXUUsBinhuYGKSRyAlUPB8wwR1GK/pY/4Lm/8FYv2SP8Agp/4T/Z08efC/wCAN38P/wBorT9Bx8dfiBqZtUvFubNp7dPCmkiFIV8RaKk6trGn+IL600y9R5hpgsInvNTZf5spBGc7GJB6ZGOPWvtj6KMlZLrsvP8A4JUr+7L/AINhf+C4/gT4VeGdO/4J+ftXeKrfw74ZbWJo/gF8RPEGow22gaZDrzQvP8PdckvriK1s5hrR1LU9Mv1KHUV125tpwkejaZat/CbR7e+fxIA/kB+VBtCbg77rqr2v8/X/AC6n+q7/AMFMv+DaH9k3/goX4wuPjv8ACv4l6v8As2fF7xdJ9q8S+KvCvhjSvHfw88Z2N4Zbq5udQ8FL4g8EY1LU5Ll5b3UtI8W2BuVD6o2l3+tPq2o6n/nff8FPv2BtQ/4Jsfta+Mf2WdS+IqfFO68K6R4d1j/hL4PCf/CH21zH4h02HUY7aTSz4l8UC0mtRL5coOqTsf3bOkZkr3D9kv8A4Lzf8FPP2NdE07wh8Kf2lvFeqeBtKKppfg74nRaX8VtF0S0yC+m+G0+Imn+JrjwtpYGVgs/Ds2mrCCSXkb5q+Ov2z/20Pjl+3p8afEHx8/aC1zSdc+IHiKw0zTru60TQtP8AD+npbaZAIIEjsdPRELGNUDyOzMSuRtyQTWzsr2/r5HR7SMk7Ozs9Gnf8N7669NND5Jwc44Jzj5TuBPscDI98V9afsw/sx+Nf2hvHmm+F/DWnhpLx4jPdTIJbTT7QCRGvrxhKrJboY8Zx8xyu4D73Ifswfsy/Fz9rH4ueF/gp8FPDF14p8ceJ7lYrS3iQpYWVsjbrvU9Yv3Bt9L02xt/MuJ7u5IjCxlRliK/t1/Z8/YZsP2GvB1n4C1XQ/svjy7tILrxTrF1CDf3s867vISVgWis4X3rFAjbAAOvb6rw7wuVcScWUMgxGOwuGxklTqU6dWSlNxfO7KlzQcnJQWl00rWerR/Nf0jPFzH+EXh9mGc4DCSxWKxPNCneLtTdCdKPM6nLLkVsTdJJ87ik/haPrz/gjz8DPBP7JnxA8H+DfAljHanUbWaLX9fjUxnxVertbnI78AAjHc54z/YTYSGWGGQ9XijfHpuTdj9a/ks/Zh1OTSfjf8Np/McW7eLNGsI1Xoj6nqtpDnjqpXepUDncRntX9ZWiyCSxtGBzmCPp/ukD09K+78beHMLw7nWW0MKlyyy+MJyVNU+dw9k4tJN3STlrzPc/FvoXeKud+KGR5/mWfYx4rGYbNKUOZOVnGo8Tzys27OTjC8VdLlvd306dPuj8f5mnU1Puj8f5mnV+NH95BRRRQAUUUUAFFFFABRRRQAUUUUAFFFFABRRRQAUUUUAFFFFABRRRQBXoo6U3IK5A3D0Hfp0yPek3ypyeiXV6L0uBZBB6UEgDJOBWY9yBkyZtxyckdQBk4yOOx6fU81x938TvAtgxgu/GHhy0deCbnVLVc8+m8D8z681xPMMPBtVZwp6tRvLm5rb7JWtp94rruvvR6EWAHU9unXnp147Gq5Mm7OX+o+z4/X5v8/WuFtPiR4H1Iqlr4v8NTgHgRatasWyQMAiUHqfTv1FdhHf2bBSjK4YAqynIYNyGUg8qQcgjqOa1p4zD1r+xqRqNWuk1pfb77PTpYLp7NP5mmOnf8cZ/8d4paaGBAIPDdPenf0rpunsxhVO9s7W8gkhuoEnidSrxuoZXVuCCpBBz3/WrlIwJBA/zzTTaacW4yWqa3TWzXoROnCpGUZxjKMk4yjJKUZRas1KL0aa0P44/+Cw3/AATiufhD4r1D9oz4OaIZvh34vvZZ/GXhrT7c+V4N8RXshkl1uPTolKro+pSuWmdAPsV629leGW2kh/Hv4G/svfHL9onxDB4e+GHw917XHuG/e6qltHFoOnpuKiW+1W8ms4IY2dXCkk7dhBxiv9HzUvD1nqcNzb38dtcw3sbwz291Ak8MsUi7HV43BVgy8FSCGGQ2QSKzNL8D+G9DjeLRNJsdGjkxvj0uFbCN8Ekb0tRCrYJJG5Tgkkcmv3nhvx1z7IeHo5LZ16sFyLF1JylOUIq1NTVm3yJuKfOm4Rimk0m/5V4x+jFkPEfE1bP6Nd4WFdurVwtKEVF1pycqjT0UYt6xiovlcpau+n85P7If/BCvwJ4LOleLf2idSHjXxCpiuk8H+H2dPDFpJ/rFS+uP3Nzdlc7JAPsUHmRsUlvIztP9AXgD4UeDvh5o9loHhLw/pXhrSLOJIbew0i0htUVVVV3SNCqBpGCguy/M7ZLyS53H1CGxFuSEJIxjks2e/wB5gSfxOamMRUjgZHp/kZ/Wvy/iXjLPuIcTUqYzH16tOpJy9nzTULtt8vKptWXk1LpzWP1zgPws4Y4LwsVhcsoSxVoKderCE6knBXcuZxvdyb3TS6I8z+IPw88OePPDmp+FPFmlWus6BrVpLZ3VteRfaIXgmXZIGRzjeqjKtkMpwykcg/xIftv/ALI/iv8AZT+Kuo6NfwPceDPEF3dX/gnW1RxDeaYnlp9kkZnkAu7IbEuB5jMXJY9Qzf3gFVYBWAYDoGAYZ9cHjNfGX7Y37KPhP9qT4U654H122jjvRHNe+HdW8tGutD1tYwLW8t5Gw4R5AEuIlKiWIshI3ZH33g74oY/gHP6PPXm8rxc6VPF05Slyx5WlGrGOsYOFoN8sU5xhKMm51JTf514/eC2WcfcP4rF4LCU4ZphoVKtNQgrz9xc0W1aUue0vib5G4W9ylThH+DdWwfY9anBwD6Ec5ruvir8NPEvwi8e+JPh/4ssJtP1jw7qd1YTxTIV8xYJXjSaN+VljkVQySozJIpWRCUdSfP0kU8Z6f57/AOf6/wCpfDGb4PinLcLmeCqwq0MTRVVuDTak43lGS1Sd2+6adu9v8ZuJcgxfDWc4zK8XSqUamGrVIxjJOL5YTdrNpfDbtf3U9G9Oh8LeLNf8FeINN8T+GNSudK1nSrmK6sry0leKVJYmVgCUKkqxXDKeCK/sX/4Jt/t56V+1H8PrTw/4nlSy+K/hO3gsfEFlJMg/ty2USlNbsoiok+cDNxETLtl3N5haQAfxiZ28+ld78NPiv40+EXjTSPHHgbV7nSdY0i4inBhldIrmJGDvb3CKQskUgyrKwIwfWvyLxt8H8Nx3k08Tg6dOGcYCNapRqxp8taquWNoSkneoouDSjL3nGXK21GDp/ungD43Zl4YcRUY4mrUr5RjZU8Pi6Mpv2TpuTTvF3UW1K6qJXjOMZ2dnGf8Aoqh2POf0H+Ffzg/8FVvGJ1j4ueEtASXenh3wxemWPIKxXWsTSRIcDG2V0tbBwe6sORmv0l/YW/bj8C/tUfDi1nttQt7Xx14ftba08V6DLcoL2K6bzPLvltwvm/ZL9AstvKQ4csyswkG0/hv+254u/wCEv/aZ+I92sm+LTtVttKiOcp5ego1sQp7KXiU8AZOPWv5B8EOD8fhPE2OCzLD1KVfKXKVWM6TXvRm4qS1XuzjzNP1XR2/tX6RviLlPEPhJQzHJcXB0szjU5qcKym6ftYUHGlNrlbnCXNGUXFPS+zufLx5JPrRTFdWAIPB9eKdkeo/MV/pPGEbRjZbKN7L0P8lpczryqNP3YN3s1zN3b111u33enzLNf0t/8EzfDDaJ+z7pl80YVdd1jUtSifbiR44ri50xTI3Bk+aydkyOFYgd6/mjBDHA5PA/PpX9fP7LXhZPB3wU+Hnh5Y/KbS/C2k20q42kzGEyyuR13SNKXkY8u7FySWNfxj9K7HfVsjwOXKXM8Tjqikm94QhRcny3vGzqRW7T5r20P72+hXlCzDinFZi4qP1PBUpr3G7Sm66u53X26d9rp382fSUfOCOgH9CKmIB4NRQkkEn/ADyalr+DukV2hFf+So/1Tp/w5Pu5P8CAAqcH0Y/mDXB+PPDVl4o0HUdGvoUmtr+1ltpEdQwKyIFPBzz/ABA4+UrxnOD6Ewz9QDj8QRWXdjpkEgn8+B9KUoKpGVOXwzXLJeT+7b1XqedmeApZngsRgq0IVKdenOnKNRJwkpxcXGSkmnFptO6ts+h/MH4p0O58IeLtZ0O5Vhc+Hdev9NlJUqWFrdSwb1H9yTy96MMhlYFTtIJ948C62b21hBYtLb7I5M8s0eP3TtjPJUFDySWRmJy1fstqXwM8BalrV1r9z4Z0O5vrw75nutMt7svIXZ2kPn5G5i5JwufU1t3fw18Ow6edPstPsrVFBAjsrG2tUxwcKscRVVIHQAcjngDP888deFE+IoZgrOUFOUqUlTcZQjUnJyjG1VN6RhqmuVxWmun8hZV9Gutl2f4zM6WbQo0VipVcNQoU3Bum4wjGlUkq0lNw9mrNU0k5OybbZ+WdpMzKJYuGwc9wynIII5DKRkFSCCOua/mq/wCCw3/BD7w3+0PpGu/tB/sq2GneGPi/axXep+M/hmsMFppXxGKsLqXWNAuSYY9P8YJIrpdQOZR4oFw003la02o6nqn9PuveHp/CfiLVNAmiYQQztNp8rAjzbCZ38g7iMs0G1rdyWJZoy5wGAqvYorMwIBDEggjI7joeK/j3LeIeIPCbief1T2ksDQlZYKrUnSTlSnKFWjVnapTcqUk4tyozclKD55OKkfqXDlTH5XjamAlWnGVKpyTg4qGtJyS5lFtN83Mm1aDteMbS1/x3vFvhTxB4P8Qar4T8V6Ve6Lrmh3lxYahp1/bvbXdndW8gSaKSKT5wRIuCCMHaCOQprhnXYzLnO0kZxjp7dq/0av8AgsR/wRN8DftoeHtW+M3wA0fS/BH7Q9la+dewQxQ2+nfE65SM+Vp+o+UtskOvTx26Q6ZqEkjFo4YtHETW0ekwaf8A57HxM+GnjL4U+M9e8AeP9Bv/AAz4w8NX9xpuq6TqVvJazrPauY5GWOQAlCRlHHyyLgg5r/QDw08Scl8RcmhjMDWp0syowg8blk6kXiaCkko1VG950qklJwmlrC0rv3+X9my3MI4yHJL3a0LJx195W0kumutkm3Za63POqKDwSDwVJBHoR1or9J12Su+i6t9j3Ar2P4IfBb4i/tA/Efw78LPhZ4dvvE/jHxNfRWWn6dZRF9ocnfcXEgOIoohtLFhhhkZGADynw5+Hfiz4q+MdB8BeB9Hv/EHivxNqFrpWhaLpdsby/wBS1C8njt7e1trdXRnkkkkAHIHrX+mx/wAESP8Agjh4M/YE+FenfFb4p+GrDW/2p/iDoUNxf6jfQwSw/DnRJXm8rQ9KskE1jFqk0q41W+Tfd3cdtZwySW6Wsh1T8d8ZfGLI/CXhXFZjjnCtmddWy/AOooVatWCcY6cs24c1SLk7aSjFcs4ubh35fgZY6U1Go4KlOmpNU3O/O27fFFJpR1Wu620v9Gf8Ef8A/gkZ8Mf+Canwa08X9rpPi79oPxVptvc/Ej4hLYxho7mZEmm8O6C8wa4tPD1nONiQZRNWWO31O+gExs7fTe6/bw+KNjDbWfgLSJRJqrONS1R3Mc32dHI+zW6q6b4nYRedJtbbJHJGpAZCK/SDxd4otPBvhHVdavnWCKwtLm4eQkDy1SNpH27mA+SJCIwSclVAxmvxw0v9m/44ftFeMtX8Vz6XLo0GsXs9zHqHiCGW2H2R53WBraxZhdNEIAhiQJHGV/1bnJr8T+gvmPE3iN4p43xZ4rzqrgcqy7FzlGDk6FBqrGcHDDpuMUpKFNStGXLyJWaat/G302MPnWbcE0OCsg4flnOYZpUxFKFWnHmdCMZ4ZRl7NQlKM6ig3yuaurPmfK0/kDwzqtxot3p+q2MphvtNurTULWZc74rqxnS6hkXvuUxsV75PHNf19fD3Uo9T8N6ReRTLMk9nDIsikMrK8e5WBA5DAqffr0NfmT8G/wDgmt4N8PLb6j8QrqbxVqMe1xBEy2OnK+c4+zxSC4cK6BlMshcDKnqcfqn4d8P2Hh7TrPTNMtIrOysoI4La2gjEcUMMa4REQAdhycZJ5PNf6j+NvGmR8ZYrLI5QqkvqMa1KdeUUqclairwbUZy5+W+sVFJXUpbL8v8AoV+DnG3hflGYS4kowwlPMprE/VpRlCvz16nPTXJGdSK9jGNSLbldqo24w5UqvXp90fj/ADNOpqfdH4/zNOr8GP8AQlO6Tel0nb1QUUUUDCiiigAooooAKKKKACiiigAo/wA/5/KmFhhivJXqPf0r5/8Ai1+0R8M/gvZ/a/GviO3sLmZWay0xztubxkPMcBJ2EqCpbrtDAkGuPF46hg+T20lH2nM43kl8PLff/EvxE2km21om9XbY+g6r1+G3xK/4LF+F9Gv7vTfBfgkazJbSFBLf3aiJ8MQCGgE21uOcxg85wOo8D1L/AILLfEmdWNh8PtAsiQQoaaaYLyMdbaLOPpXh1OLcmoSca+NpQadkuenJytpK6UrxcW1o/wDNHI8ZFfZvbf3/APKLP6TaOlfyx6n/AMFf/jrdM32bStDs8ngR2JfHI4JYc/5zVvSv+CvvxntjH9v03SrkAruAtWj3YxkYBHBx+GawXG+QOXKsXF9ndK/3/wBfMn69HrD/AMmf/wAij+orzDnG7n0wP8Kn61+QHwI/4KrfCf4hJY6V4/gPgjVJRHE107B7R5MBS7PkMqtIwIzngnPQ1+p/hvxVpPiPS7PWNC1O01nR76JJrW/s5kuI2jflSxjY7TwQQeh4xkV7WBznA5glLD1oTTSacZqT12urJq/o/OxtTrxns77bpJrrst/60Owo/wA/5/KqpcFS46HLDPpn2+tfMH7TX7SvhL9m/wACXXijxGXvNSuvMj0PSIFEk9zPHtJUnDCMsHUJlTuOM55rox2OoYGhKtVkkkvdV0k3p9rVK11vub80f5l96PRviz8afh/8IPC954o+IGv2/h6ys4buaOKUmS5vvssnlvHaIoUSPnYzAkBVcHJPB/CH9ob/AIK4eK9VN/4e+C1g3h7SyZID4jvfm1KdRlDJap1hDEb0bCZRx8zY5/OP4/ftLeN/2g/Ft5rnia9muLie4kW00hZWez0a0LHy47KPO0RbSu9tuQeBwBjQ+B37JvxC+N1/brp1vFaWQ2yPNdk+XIjuU+UpIhcqFyQuc5wDjk/k+b8bYrGV3lmAjKV3JTqwqdU0orlVO7WjV+dXd9Lavkq4uMJckYOW65k7a+Wjv5PRNp26N4fjH9tv9o7xvayaXf8AxN8RTrISXFtdSxo+c8MFJABPYk4zjnrXhB8ZeNp7mW91G9vL+7mA82e4nZncqSdzsUYkkkk5Pfk8V/QF8Nv+CVfhnTlhm8Q3ccxG1pEggjOSPvAGTcwJIJHIxjg9K+k7D/gnR8GLMAS6HLc7epZEG7B56Dr/AJB9fErZfxJjFB041JKN3J+2enMouKu7bpbPay12OCU6jbcW0m76pt9fO34H8t6ePPF1u+YppoCDkMt1IgH12qOB0/D2r6h+E/7fXx8+EUlsNH8RXl/a25QfYb65fU7FY1IBjFte/aY0V1O0mNIyAdykEAj959S/4JsfBbVw/l6O2njk/KkZHPHoM9M8Z6ds5r4x+MP/AASsgthdXXgO/UkmR0iYbG4HCgP8oJyOh6kDpXK8FxRl/wC+UMTHzp1JNu2v2Xqtf+G1EqleOqk//Jo/in/Vz6Q/Zu/4Kq/D74lJYaT8Ryng/wATuIreS5bLaHdT4EbOUJMlmzMGdjEzxl3A2Ig4/V/w34l0zxVYx6voWo22q6bcxxvDe2M8dxauWBYiN43bJAPzKSGToygjFfxL/FT4CfEj4M6tPHrejahaWttK2zUbWKVQdjEq5KrtYHCkHbwDn0Nfbf7BX7a/i/4QeLdN0PxLrD6h8Otcng0y7tb1Qf7NuGmKxXKzKY/KLGRkMskeI2VdzeU00cv0mTcaV6E4YfHurGopKMvat+90s3JaP1T6ep0UcVZpTunf79Hs9U/TXto7s/q0R92VIwy9fT65p9cr4Y8TaT4u0PTfEmhXcd5pup20d1a3ETKyuknVH2nCyRMDHKh+ZJFZGAIrqEYMM9+49DX65g8VTxmHp16Uk1OKbt0bSb+T3T6rs7penGSkk1qnsWGRGILKCR0J7d6XA9B+QpaK6hiEA9aCqnsP5fypaKAK9N2KAQFHzYyOecHPPXvz9adRXR/X/B+RzSV4yW90013utj8S/wDgqZ+wIvx58H3XxW+HenQx/FbwbZyXFvDbxoj+IdPt1UvbuQd8l7Gu5rfcrCTlCynbn+Q65gurG5uLe7gktbq0nktby1mRkktbqFzFNBIj/MrJJwAeQCoY7gQP9JWYbg6uN6sNrIwyGUjBVlIIIwSCCCCM56mv5VP+Cuv7BkngrXdQ/aG+FuiM/hnXJWm+I2m6fbkNok77t2p2cEYbdDqT37BRgNYagTKGkR7Syj/rX6OHjDVyLNYcNZ5ipRyvFOnSwlSc24Uas5NJatKFrJLVxmpSjyqSgz/Pf6VHgNTzLDPi7hnCKWL569TM8PSp8rpwpqElWhGPN7SnVc5qokoOjKMJJzU5cn4JU0jCkAZ9s9efWnYxxgjHGG+8Mdm9x396a33T/nvX+i1ZqdCq4vSdKpyvr70G9k3raSdk3utdUz/M2nGUK0E0+aFSDd11U7XastLxfRap9j1b4G/Gbx18EviX4c8Z/D7WJtO1OO5jtLnTEdxZ6paGRTNZXsCkJNBMAQQ2Sh+dCCAa+xvEGsXfiLWdT16/mee81e/nvJ5pHMkjGWQzzsznDMZJXVCxHzISQeK/O7wJaNf+OdHiwWCTNMTycYIA9egz+We2K+6iWjO0McINo9hxwB0H4V8xguGsiwmYyzeOX0lmdWlTpVcTTUKSmqcqjU5wVOTc/wB41KSmua12uZyk/r8RxPmtXJ1kVXEVauBjVqVo05VZuClLkSUIaqMV7NNK71dk0kkbgAAwOAKWsn5v9r9aTJ9T+Zr3JNK72Su/lufF6RlZJXvZJ2V7aJbfLZ27Hq/wo8Nz+M/iV4G8I20PnyeIfFGi6e68FRDLfwicuO6mEuD0Hr6H+zrw/p0Wm6da2sUaxpHEgCKMBVUYVQMn5VGFA4+VQMAAAfyrf8E7fCq+Kv2nfBrzkJB4fiv9feQruUS6dbtPaxg5Gx5LxIMPnhVdMEPkf1hW6jAGecY/Drn8cevFf5r/AEqM4WP42weBpXVLDYdTqWk5KblbdWSUYqm7LW7lK/Q/1d+hHw5LLuCc0zSvyyrY7F/uFKkoSowlKtzxU3KTnzx5EnaCXIkk+ltRgdOe/wCtOoor+YG7tvuf3NpGEUuq/wCC9gpu1T1UH6gH/wDV+FOopEDPLT+6P1pjxx4LFFJHcgE+/Wpqa33T/nvRtfS91qv5rbJ910Eoq60S132t538j5U+O/wAOv7fs/wC2tMg/0yz8yeIqmWkCoDcWjDDMVnC+ZF0xMowyK2D8MWR2syvhXBYFcgkEE5HHpX69yohBDIrrwdrAMOfYg88mvzc+OXw8l8FeJf7a0qJl0DXJXmVUXMdhfcNPb7c/LFKSZoAScfvEyAEWv4q+kj4dVcRgZ8U5PS5YxnVjmeGhTu6bqqKhioOLUnGcoyjWSgowtGd9Zt/n/EmVxw+Lp55h6el408dCCV3GUuWniNE23G/JUsvh5ajs1UlLkbAkkDJx8pGScZA4P1B6Ht2r8fP+Cs3/AARy+FH/AAUP8Gnxv4RisPAX7TPh2x2eHPGCWqpp3jYRQyNZeGvFQgFsimEokWkeIJZp9X0yESIkeqljGn686ZdGSNAAQ+BlSMk4xz9D26d/avRdEuMsp54ZTnkdBn2Prnjpx9f4S4f444k8Os/o5llOLnh5U6iniKMarj9djRleFObfNGMIxqVU4yp1OZ1ItSioyjU7ckxUVz1qSU5SdLlbsrWc9NVLmTctVZJNLrZr/G2+PP7PXxL/AGd/iT4l+GXxZ8Naj4W8X+GNQuLLUNPvrd4PPFvIVF3aFwFlt5VAkjkjJjkjYOhIzjy3QPDWr+J9W0/RNAsLjU9U1W+t9O03TbVDLeXt7ds629tbQghpZJGRgFGO3XIz/qr/APBTj/gk78DP+CjHwz1Oy1jR7Pwp8dtHsLmbwV8TNLtVj1C/ljjkmsrDVoIyg1DT/MMaaxas8epxqrJpGp290gXUPzL/AOCIv/BAxv2SfGGo/tIftYaDoWt/ErRtUfT/AIT+F3Eeo6d4eudPkPm+M7hZZZo5r+4E8J06KWGI2Bi2yZvIttp/oZk30seCMR4e1OJ81xMMFnGFhGhVy1tOdXFKKU5RUpwcIwfvTTlaUbSpTkqkGfomHw9TFQhOzpuVvaKLjNxf2mldNOXSKjJX5uWytGPtf/BA/wD4IhaN+xf4R0/9p39ovw8t7+0b4t04t4c0DU0gli+G2mXkOBbS2TxyNZ+KYg5OpFZn+yxyHTRNcQ3d6JP6c2CkgEAbRhVAwFXOAoAwAoPQDAHoKGnWVVKhEVFCRRICI4YxjCKAB2HJxnPXnppaXZC/kVVOTu4H6c/n+H1r/LXjnj3ifx54/oSxtSdTDYrHVcJgKVudUsPKcYwpRjDkg6dGEbXShGUnJRcnerP9JyrD4bLMKnBxqe1gpShJKFSHInJSnKTqc06rnJ205FFJ78kex8GeHbG43XOoxrLG5K7JV3xsCG4KNwQRkEYOc/n7StpBGfLjiWJV+VVRdgVR0AVSAB6AcVT0XTILeBCY1BRQETaML1G5h0L8Ad9uO7cjcQEkHtzk/h/9ev8AZPwE4IoeH3AGXZPh5Rl7WnSr1nTUofvJQvKM7t80k5e89FfdXul+d51QwOYY2dZ0E2pS97TW7WistVFKybdn0SWrdFAAFIHI5ySRz16ZPTp0qcRKDnqf8+/8sU9eg+g/lS1+0SqSlu35a3t8/wDKx58KVKmuWnThBeS1fq3rfz0uFFFFalhRRRQAUUUUAFFFFABRRRQAU1/uN2465A/UkD9adX59/t1/tWWP7Pvw9mg027QePNaguItKs7W8JuLS22qZby4SHy2jBUKYS5Xc3yo25hnzczzKjlmHdequbSTjG/LflS62lbddA2TfY5T9s/8Abu8Kfs9aFqHh/wALyQ+I/Hd3HLbm3hlWS10/epT/AEnF3uSVcncwxjoMEnb/ADBfFL4v+Lfip4q1Lxd4t1O41DVdTneX97K7R26u5McEKkkRxxghQAADjPHSuT1zW/EPjjxFfapq1/Pq+sXtw8pM0juVMjZChST64AA544zgD9T/ANjb/gn/AH3xIgTxX47tWh0eeKOSCJ4XF06SAkeX++i8uJhjc2GOFBPLeWfxDM88x/EOPUIUpKHNOEEqr5YJuKguVQS6d731k3Jtnk4vFSvFRpt2572k/wC7Zu0fJ/ifnJ8P/gf8WfilqUFloWh300czrib7PJtAYjDEADaCe8hQd13Hg/cvhH/gmB8UNbMba/cQacBjIuLieJgoOMbRuHAz0/LoB/R58Pfg/wCC/h5ptvYeH9DsbRokVTMlvGZmYAZYyBQQSwLcHJJOWY16sLBSflhjXPGD17dyCfQde1dOF4IrYxOeLd2rOKab5VK7evMrvRaX0s9DihGpiOaStFK3w01LdPeW+y7/ACR/N4f+CUfiMAhNd0w4+6Ptdxzz/wBc68V+I3/BMz4w+GrOS90TTZ9UiDyBWsmN55iqowRE4iZRknBBPPvwf6sRpnqQPXB//V+HH4UxtIhkGGVGB67lU5546gehr0P+IcUnG8aijL/BJdv+njb33S6ddSvqtTdT++mv83+X6n8Lniz4T+PfhbfSnxRomo6fLE5DNdQTRqCpwWEbBT1/iXco/vA8H6Y/Zw/bN+KHwB1C0n0jXZ7vQ5JkN3pmpTQTwGBioeKJNQYwoCpYIQjSpkGPDqtf1BfGD9mX4dfFbTbu213QrL7RNG4F0lvHney43MNoIbn7yFTn7xbpX80P7Xf7HHin4FeIb++02wnvfCl5dSvaXEUbMlrG7ttUkBtqgYGT0x9a8DE4DOOE66xFKVWVBN+7duEoqzsuzs9pbbxuk25UqlGVpJRvZJq6jLZ2fZvvt016f0G/DD9vv4QeNfh8vi/UdStdM1G3t0F9o9sV8/7Sq5dUjdtyLlhtH7xPvMjkNtH8237T/wAc/Hfx2+KGoa9qVxNcaTZXE1r4fszKWit7NZCEYoTtEsi8scA5JJGSQPnfw54xvdKV7O2uyLQjDpxyF4PsSQDkE/iSOfYPhV4dk+I/xB8O+HrPcf7UvQvAJOePT1OOvofQV52N4vzHOaawjbpKU+VSg5TfvW1ceVPSy+1u9bnUqtSa1d2lol5ry32Psz9jD9jHUPibrVn4p1y0n03TzLFIA0bYnQMCxDYwsQBOBnHPGeWP9I3w++Hnhr4c6FZ6FollFAtvGiSyRxqrTSKAGdmA5DHpnoKxPg58P9F+HvgrR9J0u0hhaG1jR5FjCkFR9xD3A9fUE/T1/wAsYPy8DOefxPfmvuOGuElQp/Wq9RvET5KkpypczTkpNJSctH2WttL7WN8PRceadS0pTtZNX5Yp3Vu1+y9XeTbHJGCAWGFH3V6YHUE/596QEE9QMHknAA/E4AxUzAlSF68AfmMV+e/7d37YOkfsy/D28YEHVru1bBB7ZGPXsfb8q/Q6VKFCmoQVlFavrJrdyerbf3JaKySR02XZfcj6N+JP7SHwi+F63S+KvF1jZy2lrLcyo0i4HlDLxg7ixbIwSEK88E187+Ff2/8A9nrxXqIsrbxdpYEjjBe5Qck5GdyjHU9vXt0/jG/aI/al8Y/FnxPd6jrGrXSWz3LtBZid9pjL/KHUNgKFP3eMk88dfkh/HepQ+Io76K+u0wq4KXEqjgDqQ3t0Az75zXi5jmeGoumqySU3UWjUr8vIndWXdByx/lX3I/0OviV8IPhf8fPC73EcOmajFqNs7w3cAhlBMgbazFDkMQSN6MHx8uSpYN/Nf+01+zR4i/Z38W3yQWNxP4VurmSXKI5jjRnLAgqNoZRkqQR07Y4qf8E0v+CjPizRfG2j/DHxtqk2paRdSW9ta395cHcqZKxwTkyM1w7BMJKVR1A+d5M4H9EX7XvwU0v43fCC9uYIY57iTTftEUsSBmZHiDq2dpLbTgHcSSOpIJr5DP8AJ8JjqVPFYOnGNZqdVzp2XMoxjL3o9W766q1urtbjxFCKXPFW11X6rW6+R+ZX/BLj9refQPFT/CDx3qkj6dr7oPDMs7sywuQqxyfP02/LD5S5ZoQJE3NGEf8Ao0t9rDK5wzHvnGB64FfwbLB4h8E+NQ8N5LYa54cvxNbum6N7VLW5UuoIK7kZdkqqWYKspjAOxq/sn/Y4+JFx8S/2ffAniLUNTi1bVo7NdG1q7jVo/N1iwYW94zI7yMpLeWdrNnndk7s17nAmcKoq2W4if72CXsXJ2f7pyjOm9d0tU+0GrvQ1wVW6lTk9Vqn3S/4Fn5J2Pq+im719f0P+FG9fX9D/AIV+kOUVvKK9Wj0B1FN3r6/of8KCyjBJ69OvNNSi9pJ+jT/IB1FN3r6/of8ACnUwKk0HzbxyP4h/X3/nXn/jvwPofjbw7qvh7W7CG/0zVbWe1vbWdFkjkjuEEb5Vs845BxwQPofS6qSxYyQPk479OnvnrW+HxNbC1oYijN06lKUZxlFtNOLTTVmndPVNO99b7nj5pleHzDDV8PiKcalGvTnCcJRUl78WmmmmnCSbUk9GtH3P4Qf28/2LPEv7HnxWvNPiiudS+Gnim4udQ8Ga+kby2yqGjN7pF5chfLGu6fLPG+rxbh55vbXV4khh1P7HZfB0knyMNwPH589uBmv77f2vf2XPCH7UPwo1jwB4ktIzeBJNQ8NajgCfSdahRfJuIpG3BfNTfA5KsFSUuUcIUb+Fj4zfCLxl8CfHXiT4cePtPk03xD4e1Ce1OyN3stS08OVs9X0+6YBJra9CS4QAmJ4nXfIu1z/pB4B+M9LiXJ8Pw7xDXlHMsvjCnDGScZPE0akWoyqc9WM5Tj7NQd7RjFRSlJfD/k39I/wRr8JZtPO8lw0IZXipYms6LVSVZVVKjKcfaxo+zcVGanC9pTnOrKUad9a3wWtBd+MBcEcW1s5DYPBYMfXPJX1HWvsAtly2MZJOOvb8K+dvgZpRisr/AFeRcNM5ijY+mdoxxkjg+3Oe/P0PEC5Hc88evav6X/tHLYNyqYyMIJ3jLlUnJR+LRT0tppd3ufytQyXNcbzLC4V1XHlVTmbg4c6aho4PmcuWWl1ayu7vSU3IHB6j2/wNJ5hYjI9uv/1q9x+H37M3x0+J8jL4Q+Hmt30IihnW8miNjZvDMWCSLdXogt2GFJwsjNjHHIr7p+GP/BKT4r6/NaXvj3xFovhe0IDvY2jSalqSEj5llWGa3g3DoAs7KTyWHSvzTiLxt8PsijVhPN8NipxU1yUKknK8bJqUFCclrJWspN2l21/VOF/AXjjPJQl/ZGIgpypv97TcOVScn7r51ztpa7KPu3vzadj/AMEmfA5ufGfjbxvcRB4dL06202F9vzJLeJdTsA2T1S2PAGc+3X+iaAYwfXp9ADivnT4CfADwl8B/COneEvCdvKthYwqkkt15TXN/cbSst3dyKd0k0jAE5OFB2rhRgfSSABRgYz/ia/zO8TuKaPF3F2PzfDKSwtRKOGUpNyVOzgr3jGy0crWT95aKzb/1n8FODK/BXBmDyvFR5MV7k68fZqklLlTuoqUt22t3bV3d1Z9FFFfnp+yz3S7L+vyCiiiggKKKRiQCR/nmh6JvsC1aXczJoyHDjkHOfY44/OuC8d+EbLxboF7pN3ErrNG7QMesFyF/dyJ2BzgZwSBnHU59JIBBBGQeoqs0QAKN36n17gjOR3r5/Osqw2d4TE4LEUo1MJjKNShWpyV4pTjyu60unpKL3i10sr89ejCrCUKkFOnUTjOMrNO+6s+6Z+XXiH4f+L/Bt1KZ9LkubEO2L+NW2bAepVc7Oe3K+2STU2j3znazADI7DH8vw+nav0rvtJtL+Bre6gjuYXBVo5l8xSDjPynI7eh+mM14l4l+BfhzU3e501ZNLuyS2+1ISFmbqWiLbCSfUA7cjqQT/Cvib9FfFYmriMfw9Up1YctWcaDg1Ui5JS5VHnSsraWcm+ytr4SyeGGqOphG4wk4t0XL3YuL+w7PR3ejSSte6u2/nK1vd1xA5Y5TcVJ7FzlsdOSSf8g106tvCnOQckcnA3HJIHuQCcCres/DLxH4dbesCapaJyZbckTKo7smcE4yWKnGSAAc1iozRlFkDI3GY3BDKe6kYyCucH3FfwL4h+HfF/DUK2Cx+WzpxvVlPWajJw5eRuLptPR7NtNWV+j+7yOq6FROo/j9ldT2Thfa903r8rLtp1VvA4h8zcSW+UA5zk/Tpx1/UdBXsvgHQHCrdyAnODzz7jIPvk84P4cDy3wwv9pXkNpjcAVzgZGW5569sDnvz2r6m0OzSxto4FABCgDHsBx0GODX9AfQy8HVmubYninNaDlhcLCH1JzhzQeJqNRqOF0knFfDJXd1Hqz6LNsc40oqLUeZWdmt5f4d913NuFAmAB6+vue/1qZAMZxznr+Apo4ccY9s57etOQjGM856fgK/12oUqdCjTpUoRp04QjGMIR5YpJJaLT5t6t6vU+Uk20292ot+rbH0UhIHU0tbGQUUAg8iiugAooooAKKKKACiiigAooooApajfQabY3d/cyCOCzt5bmV2IAWOFC7nLfKPlBxnqcCv49f28fjzN8XvjT4jniuGm0/RbyfTrFUJKfZrYsspRRkDfqBWP5Thkszg4Ar+lj9t/wCIl38Nv2ePHniGylFvc/2c1pDJk7t90piXbtKkHcff8q/jo8N6LqvjPx3YaTAXuJtQu5JndwXd4g7Mhdjk75WJlkUn77kkZJr8t49x04xp0U7e05qVOCd3py+0lZWbfvp6bLl3sY158lJvq010vqnf8F8tz9EP2B/2R9R+JviOx8WeKNPk/sGznhmYvEdt5KHzgAqFMMZxkg/O2SPlVd/9PPhbwvpnhjS7TSdJtIrW2tY0jVIlCg7F2joFB6Y54H16+E/sufC62+G3wx0DTRbrFKtlbtKSmxyxjGSehO5+p5PXoc5+qbZAcFV9c+2AcYz/AErHhDIqX1d4uqrVHycjnFSvdNyn9nVN2je6WrtflZ5eHhOr7SdRO05KMLq/KldOSvfe+/Vq4QwKBufknoOw7Hoec+/SrYGSB6nFT1yvizWrXw5ot1rF9N5NvZoZHI6sACSMjkAAcnBr79KMIKMVZRT66vzb/ry0PYo4aFGEkkndJ/Ck00n1u7vXy2+7z/4xfGnwV8IdEfWPFOqRWcIYgjzRGxKhTgEhugOSB/Pp+besf8FdfgLo2s/2Qt/cO/mMhu5ZilszKcFVL2bIQAASyy8ggd81+Df/AAU9/bA8W/EP4ra/4Q8Pa3d2ejabJs2wztNBJErzKmESRFRiVLFiTkkDbxkfi5e3N7eyO9/qN5eOWyRJO6LnOchUYMOecFjnHpXk4jNvYOP7jn5nJX9ry25bf9O33+VjnqKN3snd7Lz7I/0DvgB+318Ifj34hv8AwvoOsWkmrQQW01tD9qhXzfNedGTmND82wbWIwrYDYDFl9s+Pnwn0b4seBdS0e7topjdWk32ZmAdopxHgoCAR94cEA5IOOMZ/zu/gx8ZfEvwY+IWleLNK1O/t1sLqEt9luZYQsaShik43OJIWB2sflCfeYFC0kP8AeX+wt+0Vb/tDfBLQfEU95HdaxFbQreyK5MlwojiXfMpZg00ReNZJsKZRLGWXekjvxYiphs8w9XBVqXs5zj+6cmqi57OyT5Y2k7KyektY72T5qtGNSDSs2ldaWs1s7PdL8PQ/lj+NPww1L4QfE7xD4Uv7Z4beO/uHsyykIY/Nkyqk54HysuMAKwA4WvqT/gnzq2h6b8e9HfWYY7hF8prMOUwkjTHecOj5P3fTrX1Z/wAFZvhjZ6Tr2l+MrW2ET3hlMkq4ALRGPduwD1WUg8/Wvy5/Zp8RvoHxg8N3/mFQ2oQRFgdoH7xSM5zjJHvX4xVyv+xs+dCT5ozrOUOaCVuWaUt5O+spPyTS20OPDuz5HvFpO/dP9dXr0sf2+2MkdzbW8sAAjknndAOgQzOyj2wCOf06CuhCfLIMDIPH5Zx+Hb+lcB8Obhb3wp4enLbzJYW0mcHnfAj5H1LZ/wDr16Iow0npvOPwr+h8rs8tTsm3Ck76fy9/mj11rt6/hcpKAMDJA9epH8q/mX/4LjafqN/a6cdrfYd7epxyCR+BPGfyzX9OFfnj/wAFBf2cNO+Nnwj12JbCKXVLOznubVxEDKJI43YAMF3fNgj7wwefSm1eDXeFvwDY/gf1fTbE2hfJLpwMnJBA6cg/rx+NeaTRoHfA5U8E9eMf4f419G/GL4SeL/h14r1fw7qlvNALW4lSMspA2hztKhhu2sMMgIJwRkBgcfP1zCyFiV2yRt5U6dcSLwHA5JWXBPs4YYAK5/Oc4oVfrNTmg7Jvl3lpJ3vHRWSutFr32A9X/Z31xtD+L/hC6DEbdUsZDyRlo7tFHpz+8Pfsa/0QfhDqKeL/AIH+Fp94cX3haBpMEn5vsabgevQkg/5FfxW/8E1f2FvH3x/+KuheLb7Rp7HwVot5Fdy6hfRSRWt1DAySXBErAKFVTH2kA3KxA6V/cf4F8K2nhHwnpHh6xiWCCysrazjRFVAsbxqHO1ehzgEemTyRXbhOb6rGDjL3YzTbTSUZKzt2fXe2hlWs6bTvrtb+tj+Qb9r7w03hP44+KrKOLyBey3aIcYwAzqemM/KYwfcDrmvpb9lH/goN4x/Z38ISeDJ7E61psc7Xdqt0UMMVw28k5cySfMSoYKqcDhs4IwP+Cmunx2HxyuJlUKzm62kAj7zqfT2718H+F/D2reLZTpGmIZbucKEcqWCHJySoOTuyOhHQV+NZvnmM4dzGpi8G+ZwxGK5oqo4XbcLe8oyt8U1bl6vpdPzqc3CbadtPnqmv0X6n6/eJf+CwPxTvBIunaL4a0/OcN9juwVzjB+XU3U9x8y+/18O1j/gqx+0hcs/9neI9EsMnKiPSdPm29Mc39w7n9foBzXzboH7KvjXUWjF3HBGCQGby2i7AZOyzz9cn0xmvXdP/AGGbu9jQ3d/aISMkNGJCCcDgSWq8e/U/ia8mp4sZ7O/LFRu29cVOW+17Qhez9BSxErv3pbvt39TUX/gqb+1kCD/wnOlFc9DoOhD/ANBRh+RNfVfw8/4LLeN9MsbCHx/4D0vxBc23yXF5oup/Y5buMKirJNZzxyRxSsVckwzCJs4RE2HPx5e/sHXcYZra+s329Nsap37bUT8eR9ea8H8YfsuePvDbytZW81xDGW2GIGVSo5OFOSM4/hPXvwK2wXixnFKvCpWk3GLXuwqzd9U3fmck9tNL/o44mcXdSkv68v1Vj+rT9nn9tb4OftH2FuvhLW4NK8SGNTeeGNblSz1KOUgbxArlTOhkEgi8oybkUHAzz9eKzK212+YD5h1x6fhyMetfwgeHtf8AGfwz1+G8srzUvD+s6fOpS5gMsILIwIWQcIykj7kgK5AYYYKR/Rp+wT/wUa0b4v2mnfDT4q39vp3xBjgit7bU55Vij1tEUIrKXKg3DADPQuevOa/e+EfEPA57TpUalSH1iSWjkouM9E1Je82pdGnZNapJtx9Khio1NJtJ9Hor/jb7tD9mByB9BSP90/h/MU1GXAVWzxx6465/KiX7h/H+Rr9HjJuzu2tHvdPrvs15nXL4X6MotjByM/5/+vX57fti/wDBPT4J/tjWljN43tLvR/E2kS+dpHijQSlvqVuwGDHcbiEuoH43I+18KUSRY5LhJv0MAJOBSGLPVevv/wDXr2cpzvMcnxtLH5XiauDxNB3U6cn70ZNPlkrcrV43V09d1bR/JZ9w1lPE+AqZdnOCp43CyqKpGnVipQVWEZqNS1r80ef3WpJcrnGSlGbR+Lfwm/4I4fBnwLbW9t4r8V+IvGdtZH9xp1ra2/hrTTHuYhL2O2u9SvrnjbloNQs2YgtnnC/f/gn9kz4EfD6KNfC3w38ORvDtCTXtgt9fKV4Vlv8AUJLq+3Drv35Ptk4+ozFjoCCOmM4/r+lQhNrbgpDZzkA5zXrZp4g8Z5v+7xOf490o3vCVerKElPlulFVIQjbkV3yyvptbX53JvCPgXKoJ0chwfPeLUpUot+621o7rd6pWXTZWVDT9FtLGGOGKGK2gjUBLWAbY0UdFAGAAAQAOMAYAwABsIFGEVQq+gz256/X/AOvS7G9P1H+NOVSCCR+o9K+YeIlNudadStUldynUldtvdpbRT7Jbbt7n3+GweFwlKFHDYelQpQioxhThGKSikktF0SW/YshFKjIzkDuf8afSL0H0H8qWkdFktkkV6KKKDpLFFFFBnKN9Vv1Xf/g/n67xydvx/pUdSuCcYHr/AEqPafb8x/jWM/ify/JFR+FfP82JSkknJowfb8x/jTTjBzxxj8+KVmujS32f3j0ltZ/jv/nYrzZByM49vovX86gqpqN8ltbswIJ57Y9PUc//AK6/Af4pf8FUfiV4L8a+JvCMfw2sIr3Q9YvbBb+W7nT7bawS7YLhFGnxKElQbw3nOMMT71hNXbT2at8mrOx9pwV4ccQ8fZp/ZXDuGeLxy9nL2KVrqftHFtt2V/ZSv/nofv1MiuGVlVlPJDAEHv0OR7VwWueCdA1dJDLZpBMQSs9sPKkDHoflwDzgnIJJHNfz+L/wVv8AitsBHgjSN+OpvpCM56nNuc/iKxH/AOCtfx+IIHhPwaF7Za4JAHPJ8rP618jxBwNwrxPhXg87y6GLoSVRKE/ZtL2ygqkvfpTkpe6rSpyhJWer5tP3qn9ETxmXIlw6rxcE71YW0aT+FNrq9bH9DHhPwha6FArMgku2wWcgkqT79eM47j8enqdumwg46Ae/Ttn8Sfyr+Wq9/wCCqH7Sd3K7pYeAbeJj8kbaXqM7IB/tjVEVj05EKjjoBwKn/D1H9qEced4Ex76Fqv15xqmPyrThbg3hngzBRy/h/AxwmGi78t4PXo7qMX7qclvZ6O17NetW+hr404mOHkspw6eq5JV0nC6gk5X3e/zTvrZr+rBuh+h/lVNnKEntxx9QB/nmv5WD/wAFT/2nz1k8BnP/AFAtX/8AlpV/QP8Agqb+0wdXsodUm8ETafLqdhPdpDoWqB2tLeYi5iEj6xHsLpOH4DArE24AAV9WqsH8LT8k1+jZ52a/Q38Zcly+rmOLyrDvDUlzVHCsuZJpX6vz+a89P6mPMzgqePw/nz/IUh+6v/Av51w/gvxJbeJ/Dui6/aSrLbaxpllqMEseSjJdwJP8pxyF8zaDyGHIyCCe7jG7b24b+h/rWzb0T6H8p1sHPBYupSqcylT54zhJNShKLaknF6xs42aaTT0eqLKfdH4/zNOpqfdH4/zNOrcxCiiigAopCQOp7E/gOprm/EHi/wAOeFbKTUPEer2Gi2aDIudRuFt4W6nh2B46ZODjOTgUm1FNtpJatvRaaibS3aXqdLRXjVr8fPhJekC1+IfhGYscAJ4g0/J7cBwpzx0OOeK9G0zxFo+rwpdabqFnfQSgNHNa3EdxG4xyUkhZ1Yc9cY4/GuGWY4VSUY1ISbbTXNa1t+ju/IZvZHqPzFMkYBGOR09RUAkU8jJHYjv+tNaRdpznHfp6+5q/rtJLm5otJXfbvvfr6Afnl/wU/Kt+yv4sGc/6Rp/H/bdP8DX82f7K6q3xx8N5AbGr6co74ALcfmTX7sf8FRvjb4G/4U9efDnT/EFjqHiXVdUt0uNOs7uC4ks7eCRT5k/2d5VHzFg0TOksez50BIB/Bf8AZkuvsnxn8PTA9NUsGz6ASFfr3/pX4lxXjY4zO8PKPwU6018amnzciTslZa03336W148TJSirW0ktmu1tbbefn5n9nHhdFbQbIAcC1tQOo/iOf5V1dmuBcA9VlIH0yR/L1rkvA0nn+HtMfOd9lZtn/eUt/XrXYICjXGBwZQcdMjeefy/P8q/T8hS/s6mtvdgtO1p7ely8Ml9Xg7K/vvbW6nKxYrzv4p6SNZ8E61Zbdxe1lIGCRzGwyQOuM5/lzXolU9QtlvLG7tXG4TW8sePcodv/AI9jPtXpbnXH7L76P0dt/vP8+P8Abc8KP4d+O/ipWhMcdzPfAEggfubo7eR6q5K8dq+Bp9wllBzgSP27biQf8mv6+v8AgqX/AME+NV8fO3xD+HtnB/aUFtPcXkNvYGT7dKyqZUASWNomwpZifMBZjsUAYP8ANX4j/Zw+Lfh13W98Gs5VmDFbebqOSSSh3Hnk18/jcFOpO3vJKTlGSg5JqXTRpJ6d+m2py1Kb5m9bbp20aet/I+QpUCkl1GG6bhnIIyRjnscH171/aN/wRG07HwInCrwI7EkjtvLg/ntHT0Nfzi/An9hD41fHfxXY6PD4Ql0uwj2zve3aTWlpsmOAXmMcYP8Aqs4yQAScYNf2yfsh/s+aV+zx8KtC8DWRjhu4tPtJtRdYwHe5aFMpuxu/dKNpG5huBPUmpweGlhasari6lpQklKHJ8Lb0b5nrdapaW6kqm9d3dW279T4j/wCCq3hQap8KRdhA72F2yA4+ZFmhdi3PQZhUHnHTOORX80ngW/fSfE+jXgJVodTtnLcgjMiqffsBX9PH/BUDVfsnwov4C+0yzlcZOTsjlH9ePTP4n+XnSUzq1icYAuVf1wFcNk/yr8w4vxMameU6kYOnKNWUmnJO6ndyS0jazivVtaHkL3cRNL+ZPzvfl/4Pqf2+/s36o+qfCrwlfeYZN2nWqklix4QKB16fLn3+hGPo4jcpxwSM5HHJGePr618QfsRa7HrPwK8OkSb5ra1to5OScFYoww55xuDD06DHJx9uwHdCp/2QCOvv1/D/ACa/ZOHqvt8qp+9e+HpO973koK6t31b79dD2Iaxj5pfK6W5EM4Gevf8AyKR0SRSkiJIjDDJIodGB6hlYEMD0IPUcU9up+p/nSV27eQz4W/aC/YJ+DHx5kur3UvDelWGr3SMHvYLaOIPMxbEzhYnIk+bDMgBIVefT5K8N/wDBGj4AaJeJqF/p9lqN0hByIXYEAjP3kHXnkkelfs9RXFicJSrOEpwjdX1cL3281e3z3DT+n/wDxj4X/BfwL8JtBstD8L6JY6fDaW8cCi3t4oyQgAy7Io6kZKqeuMnORXospWMM2AoXAUdhtPygf7vb6VsMwQFj6859Tx718w/tP/FPTvhf8NdU166uJLV1dIoZIpArsWyWZTtzhBy2PXORjnyc1q4bL8I60ko8sZ2io257JX95JqPLdaWe/kZ1I3i2uik/w1fyX4H83f8AwUN1y28SfH+/gWUzJa3EkWQeAGmKkHA54BOOox+NUP2U/Dlh/wAJJd3BjDCIxDcRjjIJHHbLc89c5Br5t8WeJb/xv4v1jxPqzyXM1/fSyK0jFyBvJAUszgDBxj+dfoZ+yv4P+x6fNezwlXuj5isy4IQDcFwcEgEjGfTj2/kfi7M1OtXSvL2tWo2+Z6avyatrb0XoeU9XOXZSSt2T0f3+lkfYSx264CIgA4UqgHA4HKgelTCQAYDEDpxmqjlldlz91iOg7HFIrMSBn9B6fSvzN1LNvmtq3vt1OCTV3qt31XcveY395/8Ax6q0sFtKCJbeKUd1kiVgR6fMpxUwyQDk8gen+FLg+p/T/Cl9etpz7af1qB8HftRfBA61pFz4h0C1HmRh5JoYkXfG/JJUAZ8tsdh8pOOnX8ydB1DXPBuvWmq6bPPpmuaHeRT21xGXiZJYHDDkAMUcrh8dGIIyGO3+hy8s4L2GW1uEWWCdTHKjjcuHGOQc8EZ/H68fid+0Z4Gm8GeOdTjWEx20lxM6SAfKYZWZ1IIwCADghTwRX2XDGc18FjKNehUcXCcG7PRxTu728lvb1V1qSnOPJJO3K3r62s2rq9mvm2j+r39j39obT/j58JdD8TfaY31W2trfRdbIkQyx6naRiPzXjAGPtARjkA7mDMXYvk/YZzsXJyfX86/mx/4I1/EJoPiF4x+HN1OTp99pK6rYW7vtUahYGz8y7UE7WZ7S6cEDkkkAAg1/SewAUAcjP+Nf3FwrmzzjJ8JiZJc6pU4zad7y5dLqys+VK+931vc+nw1V1cPCfXlafrFWf4/f94iKpJJAJGOcfWpMD0H5CmoDyfXp+tPr6in9pvul8kl/m15G6SstFsnst7LUQgHrSbE/ur/3yP8ACnUVoUJgeg/IUYHoPypaKVl2X3IAooopgFFFBIHJoAKKQsAcE/oaazrg89j2Pp9KAFYjBGRnB4z7VUZiCecAY9PShmOSAeCPTsRXEePtfg8N+GNU1ickJY20k5AYKSE2kqGYEcj2PTpXBmON+oYaeIcOfljJ25+TVRbWrjJdOxvhqLxGIp0E+V1JWva7WqTdrq9r9y/qPjXw3pTmO81izidSQyySqmCOq7sMNw7jt0zzUy+KtCdAYtUtpAw4CzhtxzgDkjqe2OK/m38WfEC98T+Ktdvrqdz9t1G+vbNi/AOT74yMcc9sZrAt/GXia1x9m1e8gwcr5V1LHt9gEkX3/Ov4vzf6V6yrOcVgp5XOtSoVJQh7GrGUbRm1eUJ4Jzi2lo3Wldt6RVk/6Zy36NuY5jgqWJjm/spSjCXLOh7NScldpSjiZqfLZ6ci5brdy0/pguL+zuwQqJMpPTdnOfQ8Y9+COvPp/K//AMFFPh4/gz4932p28ZW011Bd5jT5DIwWIZZQQD5co4J4IwM4Jr16z+MPxJsdv2XxTqqhCMf6dcEdO4LnPX/OMV87/H/WPEvjmztdW17UJNQntHkXc6gsiMI9p35Jb7gyTzkAivqeFPpSZFxFmNDK8Tk+Mo18Q4qnVjOCjB3tLnh7JNp80XG0lZRk9dl/Q/0c/CrOvDnxApZvXzGlXwXsFQq01Sbm5Xkqck3LTlU57xlzc2jTu38b4K8HOR69aYVXBwOcHHWnt8mQcnacHPXIOOffPWuA8WfEvwh4Is5L7xTqiaRaLJ5KTyrvDyYLEKoKn5QAT1+8K/oqGN+vJShB01Ts9J8/MpWetoxS5eVX+L4vv/1IzLibh7IcLHGZjmUadBRvKp7JaOCi3p7TrzLbbTe6OwkIVjuOM9M/QU0EMMg5FfC/jH9tXwra+fB4S0mXxBONypqeof6JoxJ4WRWJTcoPzEb2zx1r3P8AZ/8AizD8VvBY1MiGO/sb6e0vbdGWQoRt8uTcM/KxDhQeQF68nHQ6jcJK7XuNLV66M+I4c8cuAuKeIafDuUZtQq4qq+WlOdZU1V5ZOLVOPK07e7f37LnR76RkEetKOCGHDDOCOCMjBweoyODjqKAc+o+vWiuPBTlzyu27Tnu33Z+t58lVy+WAtzKaspaNO6st1a6v5rTbof1V/wDBOv4k/wDCwP2dfChluDNf+HlfQb3LfPus9Rk8pmUjcF/sN7Hacn5txHLc/oxbtkjvjgfjx/h+X5/z0f8ABIf4iyQa345+HNxOVj+z2euWUbsApAFzb3BjXP3vL8iNuhIiGOMg/wBCFm2UVgMDaGA69e2fqP519NB3hB3veK/BW/Q/52PH7hV8JeKvFmWcip0amY1cVhoRXLGNDEynXgopNxso14LTqn5I0k+6Px/madSKCAAf880tdR+JhRRRSbsm+yuBh6vefZbDUrzORaWVywHvhcH6+hI4P51/In+2F+1f8Qfjf8Q9cik1GTTdA0+4k0e10uJiscNpaOeSB8p3sAzOQWds7ietf116pbfabXU7Xblbi0mXGOCWiYgenbp696/iV/aC8OP4U+NPj3QjGY0tdc1aNAQVDRi9uERgPQoikcdDzX514gZxi8BlKlhr01NVlU5ZNSnGPsrJTt7q96TlZNtWV0rqXHi20oNX2m97bcpwFhr2u2EiG3166iUY2eXd3EeBweiOCM57kdOK9EtPin8QbGNPsXi3W4ymMGLW9QiA6dClyuDyOBj34AFeHLZGRl2I5xj26fh6/T1A6ithZ5rOEKbYuccZJ55HTJ/yB+X87R4xzCOnPXjZu3LXlp+XX00SPLeMkm/eej/mn0Ps/wCHf7e37SHw2mijsfHuo6vZ25VY9N8QSDWrKNF4KJDcsrgFRgkyE9D1ANecfET9sv4+/EHU7y81r4ka1a+cSgtdJmawtYouSsUUe+d1QbmAzKxwcDGK8Y8J/DzxX45vMaZZuqu23P8ADgn/AHvQ+pP4mvtr4efseaVarBqXi2Zry6YK7WsZLIhJBKu3KgjJB4yCOcc1zZl4iZzh6FKlSr13GftOde1UHePJZOSjNvRvS+vXycswm1bV+krfe+W/4s/PjUdV1PV55b/UL/Ur64ncvNeXN1JLLNIxJJkmn8zPJOQu0DJxjJB6b4ZazL4e8baLq0btGI7yAls4wVkVgSRj0PYdfpX633f7N/w9udB+yWGi2KSqOWkCFweMAEkHPHt09Tz+XPxQ8DT+BvE9/pyI8McV1JJaP0KjzD+7DDqEOCp/u4+ZsEn5PKuNcdis0UsVUai6kWoucp7SfM3KSVnZ+StslZ353iZzdm7R7dvm7/5H9fX7Mfj+z8e/DrQdUtZGkV9MswQz+YQ0cRDdAMEEjjGR39vpNepyOuDwDg478j+dfzBfsE/tgX/wz8Q2PhTxHfSHw5qE8cP76QlLCaRlUOFY4FvKSA6jAjY7iNrMV/pU8OeKNM8T6VaavpsyzQXUcch2MH8tpFDYJAwVIOUYYDL1CtlR/X/Cma4bHZXh5UaqlKMYKrSbSlG6Vna75lfm97s4taNxPXwdaLp+zbaad1bz1a8rO780776HWUU1W3KGHQjIp1fW77HoFLUNOstUtpLO/torq2lUo8UyBlKsMHB6qSO4PIGDwTXiGq/s3fCrWLuS7uvD1mfNBDr5EJDA5BB3J05I5B49unvlJgH/AD7Y/lUtRfxKL9bfqUpu1nr67/16pnmHh34ZeBvBcMcfh3w5YwmMYB8iIAcYDDKqoIHGfpgGuoYBCZWUJtPLYxtA4AzgcAAAdhgYroFC52+hGQfc+9fIf7UP7RWh/A7wpf6hffKxU/Nz8pPB6dAc54x256Z4sZXjRp3UYyvGd0pKNrJeT76LTbQipL3XsrRk10vp12/Cx+MH/BVb4vvrHiKPwJp125gtXb7WschwXzlwwUspIAxzjPIHPJ/FtAAylSUIPDjOVJ9COR+BFet/Gf4n6h8SvHOu+Jb2eS4N5fTvFucsFjaViMEgjnPbHGOKt+Ffg74s8TeH5PEtjYtPYLu4CFnwp5bIYAZ7ZHY9a/mLiXNpVswqVoxc/fqtOM7JWkrJaNPT0XQ+fs1KcnvKTb62V3Zf1+B+ov8AwTu/bA0v4bG3+H3im/kOnXbxwwPcysVTcdsbKWOAQSFYAcEA4wc1/Q/4V8Wad4p0+21PRL2K9sJ0RgYnWQIHAYAhSex4I6Hgiv4YJ7XVPDmpFkWe0vLWbEb4aOSGRG4+YgfLkZ7f1r7/AP2c/wBt74qfCn7JY6tqE9/onmKhSaZ3URbgcKzFgq5AzGwKZJbYHxIPruDPEKjhoUsJjJSpwT5IylO66R5ZXimk3q73s5Nq8eW+v15UFCEoOfM3qpW5Urb+697+Xl5f1qDBAIzg8jJycfWnYPofyNfk18O/+Cl3gDUo7eHxAHtJGKK8iyo6DJGTtOMdwcMF6YFfRlj+3D8Eb0A/8JLHFuwfn2jGfxxj8B+Nfra4oy2UKdSFalP2l3pWgrW5XfZ7834W66dMMbQmleTi30tf7mtPTZ+SPtnB9D+VNcEKQODjjnGK/PfxP+358HNDEvka6b1o84EZUqSD3XfyPw+lfHnxY/4KzeELSzk03wdYz3esAlVKKxXGcZyFKjjr83HqSTXLieM8spp80qbsndRrLb0UG3t5X73HLFU1spP5P/g/5+R+tXxX+K3hH4Z+Gr7VfEWr2lt5MLukLTIsjsoztCkhmJwRgAc981/L9+17+1fr/wAcvEV5oMd5cHw1ZXMsenpA7iKCMOQshVWAdnUDcxyT2Pp598af2nfiH8Z5LibXdbvbHT5nYppttO6fKWOFchgoGMAryQABwa8U8K+CdS8U3Bs9KXY5VHZ3RnlfzCcMzsysxJBPLA5JxX49xrx3HFxhQw9Rqk3VXLGPI0koX15r2ne93q0rLli+VcdTFVJ3jbljK3urSVl0vvaTav1dkk0m0+o+E3hCbxr4iSxihL21tLE821S67t4Kr0AO5t0jg4+VdjcMM/sb4T8P2nhrQLW1t4ViupI1U7AcxJhdx5A+ZsbQccfNxwM+E/Af4PweA9Mt7m4t42vJYkklkZB5kszjcRnBO1Se5wqDAy2M/TBOTnGCBtwCSAOuATjjn074r+eM2xzxVepK9oq6Wqt12/H77nHiq3soKEVfnTu1K3LZJJbPWzd9uu+6rgEcE5IJyfU55NFFFfOTn8Xvd/tevmeU5Ntu71d92WKKKRiQCR/nmuFyd3q931fc3IgCQx6ccEeoII/Djn8s96/Ov9t3R1WG0vNmWljBL9xgYJJx7cZ9+9fpAkY2KQON39eMnng8jFfFf7Z+li68L2NwFB8sFWbHoPUDPbI9+nrX1fD9TmqwTafN59bqPf8ArVdTaSumvn92p5v/AMErtSGn/tTeHYC21tXs720wepMljeT7ffItFXqAdqnsBX9a0TboA3qAfzxX8eP/AATclaD9rr4Yybiok1FLdR0yJbK+bjjjKzEH1BxX9hdv/wAeyfQf0Ff3P4arlyCkubmvyu1rWtFf3nfe2y2Z9FljvhY91KXyu7lhDkY9P65p9QZPI9ev4VIrZ4PX+fX8q/SINbd3p/kegPopCyr1OKUHIyOh5FaAFFFFABRRRQAUhzjjrS/1qNpAFJB5A9/8KAs3old9F5/IgzICcqMdvX8eadhCfmOPT/ORWDea9a2ZY3FzawgZ/wBbNHH0A672XHH+egrmLr4j+FbNj9q1/RYSM7vN1Wwjxj/fm7foK1VCtL4aNWXpTm/XZGkMNmM2lToVJJvTlpOW+z92PY9AYKDx+Nfnr+3t8UG8KfDeXw5YXJj1LX3NjGEYpIsUqkTOGT5gEiEzgngOiAkbhj2vVv2xP2dtHaVLr4qeDFaF2ikU63b5WWPiSMiNZeVbg8nmvw8/bP8A2r/h38TPiFHd+H/EY1Xw/ptqIbWazjmltZJ5cCYKygozxiNQW2AjzCAMMQPgvEfAZ/X4cxeGyfD1Y4vEU6kI1JU6idK8ORuMbJyk4znytSjySUZWk7J/oXh9kFSXEmDxOZ4SrLB4aUKlZVI+yg/eU4JuakpR5oJyjy+9Dmj7rldeL7mJDkksAeep+bk/mTTHuvL5df1HPTuT7jNfG/xO/bl+A3wo06a58WeIJ7KeFsR2otbgyynqNh8k8kMCBtOc1+VHxt/4LU7/ALZovwT8ApcSuJIY/E/ik4tSB8iyQ6JkSOsgclX+3xrkAsoFfwnifALi3M8VVxeIy9Rq1HHmnKMm5tuT5m3GF3fXruf2PivFbI8hwUIfWIyUVNU6cZJW5FFNJ8k9I3itrNL5H9DFzr2mWdtLdXt/YWEUQG6S/u1tYyT2V2jcZ6dRxkV+fn7Qn/BQ79nrwBa6h4bsdUuvHGtoTBPF4XWyn0+CdQcIdTt1dZijZDlkcoRxgswr+Yv4o/tT/tA/HG8lm8eePdavrKViY9Dsrl7HRoULbo4k063aCBxEMiN0WWZVJBk5Ncb4Zg1jxBdy6fDHqWp3s0pl+xtJJJncdwI3knBz3wenA61+w8A/R4oZNisHmWaxpSrxV3GnFqSejineTs1qmt21dpPU/Ic3+kPm9PEVJ5DXq4WrDmtWb9ybTXJywcFpD3tW7vntZWs/0b+Jf7c/jbxO1zp3hC2t/BWkz71SWyBudXeI5VWa8Y/uSyMVkRHiXJBEZI58E8GaJ8Q/jV4wtvD3hzS/Ffj7xFq75Sx0mxvdf1WV9xOYrC33luSdoGzac4Y5r7e/ZN/4Izft1ftQz2eoaR8LZfAvgy7ktA/i7x3dW2j2yWt5cQwJe2OiXMsfiLWbcecrmXSdKvItuCJSGzX9aX/BPP8A4IC/C79kLx14O+NvjX4h6747+LXhhpbq0XTCNF8L2FxcRIksH2fTZ7ebVYFKn5NWaVWKoZbIHO7+p8ty9Yag8O405QXKoyjFQnFR096Tc5SbTX8trO17n5ZxD40cb8Rw5cxzrMKzcqvtP9pqcs1N+7GMbWhGKTslf4t0kj+MD46/sq/HP9lzWfDmh/GTwPrPgbWfE+nJq9jpusCwlFzpE+TZXgk069vrci5VZmWJphPAV2yKpYiu/wD2VPG7+FPiA2juu6y8SwR2MsYfy4o7qBpHtpBuyoOZZU+6SdwBIxX9gn/BxF+ypP8AFH9lfR/jx4dsi+t/ALXYdU1OKxgwU8I6zGtjqjGGP/WtLqq6YsszbRDFIrN5nl5P8N2katPoet6fq1nIyNBPBdQuGwcK6v1GcehHUZrrr4OHspKMdfVye3p0PR8HfEPE8N8f5NmdSpWbVeME6tZzUHKpFtpSTSV0k0uXoj98QzAA8gEZH8+M/WpFbPB69j6/5/z78p4M8TW3izwnouuWzq4u7KF5NuPll8sb1IByMMCMHB9hXSocAEf59a8yhSivdirNS5ZO17a2vbt1V7aXP988g4qwvEOQ5bmVNqVLG4ajiKT9qqnKq1KE3ByULc0HJwm/5ovZaH2L+w18RG+HP7R3ge9knMNjrtw3h++G7Yji9wbfzG6KiSqxJYYyQD1r+vXS5RLbwupDK6qVOcgggEEexDV/C3pWpXekajYatYyNDe6dd297bSIxRlntpVlTDDlcsu0kcgE1/Z3+zl48tviL8IfAfi+CUSDWPDum3bnduZZZLdRKjjGQ6yAhg3zA8MM5z9Fh8Jehf2msbe7ya+9Z2vzdNtt/Vn+R/wBN3hKWB4vwHEtGklTzN1aFaULzc6kOSdOTdk1eDS3d1F7WPoccgH1ApaahyoI56/oSKdVWto+mh/B70bXYKKKaXUdTjH1pNqKbbSS7u35gQEA5yM5BBz3B6g+v/wCuv5P/APgqL8M38A/tKarqkcQisfFiwatZoifIttIq/aHBzhvKeUNIo5y2CVNf1MeK/G/hzwXpVxrPiHU7LSrKAcz31wttEx6kK7K3OCM/L39Tz/KZ/wAFDf2ltC/aI+I8MvhOF5fD/hC1u9J0/V3uXmGrEqJJr2BWGILBhaFdxy4RkmZfLePf+XeImOy7+xZKc4zkp1ErNJp+zk2tpX96MX6pHJipRdNNOLal3T3jLT52Pz+t7zZLhTg7sDCjGG6c+3Pb6V7t8GfhJrPxH1eW4mhm/sm1lUu5Vtm3PPOMHv79q4H4Y/D7U/Hev2el2MTSCWVPPlAykURYb5HIBA4zjn3PAGf2g8BeBtJ8BaBaaLpkEaOkafap1QK88xUbixABK54GTg9a/kTMMdHDPmjBTVT2rinUUWlGzW0ZXvzeW3W585N3lJrROTaXzZkfD74Y6D4Qs4Ut7SJZUVQziNQ7EY5JXB5x69yc54Ho93tGFiAQDoAABz16Dnp3H4VbCAEHn/HtSGAPgkZA9cHP+fcYr4PFZpWrzk6k7RTkowTkoxV3or7vzld+i0UkNqpQAjIR/lPONpPQ556/XOewHX5b/aM+DsXibSpddsIAb23Vnk2KS7YGd/fO7gEgEnPtX1UgKKynkYOMZzg9s+o4xx+BxSCSK5hns7mMPG6FGVgcOjZHU5ycHp9QQBiowsnGUcTTdndOaT2knLVX6Sa+Uk9ErAfg1eWOp+GdQyVlt7i3kHPKnchyOmORgEHr0/D9Df2eP2+PHnwxsNN0LU7mPVdKtJipjvzI0jW5EYS3Fx5h8pIirbSYpWAYICERFXv/AIqfAPRvF8M1zp8CW91tbbJFGqndyP3gAG7nnIO8HHO0bT+dHjj4V+JPA17Is9pPd26udsqowTb74GCcZyOW46YBNfrHCvHOKyuUYKpUdNW54qTUkl0XvK8eyesdUrpRitqVZ02uq/T+v6eh/U78Ev2zfhn8T9Os0bWbLTNWljjMlhPfwsYnYDPlyYQurMSFR9rJtOcZAH07H4/8PTN+71ywbnHF1CevsHI7iv4l9K8Uarodyk2jXt7pN4hyxWSWPByCfmDKw7cA45xg816XafHb4rWuDD4s1Jvpd3B6eu5z7dP61+z5f4t4R0IRqxu43TcqtpWVujgvz9GrWPVp45cqs18911t1P7Lk8XaVIMpqlk30kjJ/Rq8u8b/HnwH4Gsp9Q1vxHbW8EUhRgrJlSpAYZMo6d8j2r+TN/wBoz4xhG2+L9VBx2vJwf0evEde+I/xF1tpW1HxJq0pck4a6mbOe+S5wT/TOOmNsV4rZfNRcYO8ea6VXe6XZO1rdnuX9e84/18j+hv49/wDBUL4ceFtOubTwdFFrmpjeIri5k2jcCVHlRgGRgxwQVjK5ABYdT+FH7QH7TXxG+Pl5cXfia8uo9MMr+RYxzNHFHESQEWNWCXCgEgj5m6/MAWWvANL8PaxqEjNDZ3dwxb+KZyDjHzcsSB0zjpj3r6Q+GX7OPivxte+XeQQ6dY+VDKJpmeRgHLDKIpO5lGCFLAY9siviM68QamYxnCNapTo2lanTbg5LV2lNyvJOy0Sin2s2jlq4qU38UrW2Wi3vZ6nkngD4b69451Oy0vSLCa4aVkHyxllUcKZZXK4wB95mPlJnADOy4/bbwD4A0jwn4MHhuBNp+zRmcAbScKpYcZyxkOMH0JGcVkfDH4SeG/hppENlpdnG16Y4/tV+6Dz5pFAP3jyqBslUB2rnOMmvVNhBLYwSOTnkgevPtX5Hi83xNetUnGXLBylyxetld7t7u278l2ORylq7vRPRaHzD8R/2ftH8XQSy28UUd4QRG5jSOUPjClioAkHs3OO+fmr4L8bfBLxh4JuJnlillsd7BCEea2ZcnBKHmJsEElCOTgkjbX7IbRkNjkcA/n/iaztS0jTtWhe31C1huYnG1llRXGPYMDj6jBrmWPleL9p7NwcpXTupNpfFy2cUrbpTbvayPO+tc0nzQaV3Ztc8fmuXbbZO5+GEtrqdrhliKdCAqzLjOOFzz2+hx6jma3u/EIU7JZ1AGMLNIuenTgcdO/tjvX7Fah8JvBuoKB/YligxjiFR0wM8fQ+nbr25l/gD4LckDToUyeQBjBOO2Px6jmumHFGLpuMY4nSMklatUWzs7XSt+Hc0jWqtpL2dm1b3FHS6tokktj8oWg8QXxAk+0SHPG5mf0HUjn6d/rWlb+EPEV5jy7a7dj93EbYPI74HX/Cv1n0/4IeD7IDbp8LY6bot2fc4I9/xrrrT4feHbMARadAu3GD9nQdPQjn8T+Vb1eJMTPeu72/mnJ63utL/ANep2Kc2lepCLstEk/yT/wAz82/h5+zj4p8RywXGpQ/Z7YurYdSDtOD/ABY6/TjGe9foP4E+EXhrwVZwMtpDPfBF3SFFOHGO+0k5wCf59q9OtbGC0RY4UWJFAAVAF4HuOmMDGPoau989/WvBxGY1q3M5SnJWe8mt9++9vXuK8Fd/E7OzbV+uy1tv0IlBIH8CD7qp8uPpg4UdenPvg4qWiivDq1JSc22/tWS6b/f6s4pycpNvuwooorzpN3er3fV9yQpr/dP4fzFOpCMjFcMpT55JSl8TSSb76JIC15gSBAer5x6jPb9cHg+tfBn7bOvGz8LW1kJfmlOCA2O5z05/Hjpx3z9yxv5tzFEcbQNx3c4565OMdgPr7cflR+3D4hN14pttBjkJSJRuXOe3PHODx9enPNfZ8OUpOpBrmdlHo3u79PTV/gbu6Wm+m/m7Gz/wTMtzf/tY/DCXy9wtbq9um/iGINIvwD+A2444JHPAI/r+tDm1T6Afyr+a3/gjj8LF1f4geKviJdWweDwhpKWFhIyFdt9qrlBLEzffKW8U6MEzgONx5Ff0qxDbDGg4+X5h+o/yK/vfgDCTwuRYZSSXNTjK1rP3krfdys+iy6Khh4pO9/e31/rp+g6lAycZxnjOM4PbikrN1a+g03T7m+uJvJhtkDu2MkgnGAcjB6+vTmvu4/EvX8tTvOB1XxdfP460nwlowiuJ7a1N14jVzu+x27LavE6RgqZHYXilsMu1Rz149Q6dMH6DA/AEkgfifrXi3wW1NfFOj6j45k02Kwn8V3rXkIRAG+x2bPo0WGOWwy6WpbnDHnaOp9prcCxRRRQAUUUUAeU/F/SvFPiLwF4i0vwZrM3h7xI1hNJpOqW5/fW97Gu6B1PygKHwrgnGH3kgRtX8nfxZ/aM/bQ8D+LfEXgfxz8cPGFnd2nU2epXGbrAycBdRz05GOR2r+wtup+p/ma/Lz/goB+xVpPx18JzeL/CNlb6d4/0SG4nV4YF3arAqrI8TCMK5mXyyVG4hiztjeSW+l4YrYCljuXHx/d1ZUowqtJxpyvJe+ntGfMlz7RaXMuVylH6vhLGYHCY6Sx+Ho1aVaVGMZ1oKcack5qzV04xqcyUpq/K4wcko3lH+ZbWvjD8WtfB/tz4n+LtWLZ3C/wBX1S6BBPP+ifanUZyTxn8TxXncnibV5yf7R1vV5gT/AAzhMjPpPMSO4IP4HrnS8X+EtZ8I6zfaB4hsZ9P1TT53gmjmjdCSjEblyBuRsZBz7GuSv7Q3Nk0cXyzrnJOPmx6Z/UcV+0f2LgfZKpRhTqJx5k0ou11pLTmul1a1Vr9G1/R+U4LI8RSVTD4DCLnjHWNKL5J2dm7XTjJu6mtOjSako/nj8cv+CnfwS+G5vtI8Lz6j471uGSSHz9PliutMzExQ/wClh2QOsqyJKgQmMpg5yMfkn8W/+CmHxw+Jz3NhoF4vg7Q5S0aR2LML0xZ2qGmBDrlCVcKyrzkLwMeSf8FAvhSPhh8cNcexhlg0vxHKNbiAz5K3l3M66iiEBVBe7jmuiigBEukC9zX1d/wQv8Bfsn/F3/goD8LfhT+1/wCE7XxZ8O/iA9zoGhWl7eX9naxeNBG1/oqXslhdWkjafeNZS28ylxi6NkwbarJJ+R5xiv8Aba2CnQUFhp1IqV7qopPSXLyqySgmtXdN9tfxvifiPM8BnOLwUH7GMJOm505KLmldRdlDSPLZxXM7qS17/mxc+INS8TajLqXiLUtQ1i8ncSvNf3cs4MpZiWVGLAcknue2e1ejaDIo2lTxgeuMdQAvTp6dulf0hf8AB0H/AME8vAP7JX7R/wAKPi18CfAOieAvg18VvCUPh4aD4ZsBb6TpHi3wmscF3mUHLx3lncWi2vmO7MsJO8tvZ/5ltOvwmwA4wBwpKnjqOBwc9OM9K+TxMFJpWUU22rJLqtHbd+jtsfn2Ix+LxE5uvWlUUntNuVr69X+Xy03/ALPP+DWvQf2V/in4m+OXwz+Kvwc+H/iv4x+E4rTx94E8WeLNM0/U9UXQtYL6Rquj+Hv7RdBZ/wBm30EQvWR5HZDG+I90e7+tH9mn/gl3+w5+yjeXXiD4Y/Bbwg3ivU7m8ubzxLrlkPEGt2ovLye/bT9G1jWjeahpOkQXVzPJDaRzSMGlkIlXPP8Ami/8Epf2um/Yu/bc+Cvxpub2TSfCMPiEeG/iHcq9qsM3gLxBPBpupyTT3VlidrKWa1vbeKQovmWssjOoUk/uT/wWn/4Li6L+0hr3hn4T/sVfE34veGPCvh+z1S08b+I7VrnwZZeL4rz7JHo0mkhmju4EsvsF82q/a/ssGsI9i0JmSyC1z8kGrOK1Sv0fzas7/Mx0aWl9NNP8tn6fof1o/tTf8FVf2IP2Mba60r4mfFXwnfeJrKEiD4f+BZrTXvE87RqyrA1rpsjQWjpJsinW7u4Z4DIpNu4BA/nD/as/4Oc/ix4oXVPC/wCy38K9P8A6DJ5ttF4r8VBdR1+WMZjWe2swBaW3nROxIlWSaJ1Ta5w2f5H7bUdS1S5ub2+1Wa/vrud7i9u7y2kilubiRtzzrczO81/cO33pJ2MQ+7HC2xJz1UN9hQpdjxjnbkn0JA689Ofw6VUYqKtFWX9bvdvzeocsf5V9y69z949c/wCC6n7YHjP9m65+BurWvhbxRNren6zoHj74ieMdO+3a14r0HX7XV7SawFrDNaaLpNj9lu4LEQafYb/JvwzyCVVZfx9W+up8ebb2kBbk+Qm0DJOeQfXOO3U1w+nX/wC58nJw7D5c+mMDAx02qPbHXmuvhIdFPYqAevYn8feiSumu4sDN4TG08ZBe/QkpRXd3T0avazjsk/8AP9PP2O/Hy6lo174Su5901kTLaIzbiU7qM9OMdOvNfcKhgWUgjae/pn9e351+IPwM8cN4E+I2lXzTlLW4nS3uQXwhSRgpBB+UkA5Hue+K/cSCWO5hguYyCtxDFKCDniVFcd+4Yd/5V51OlyYipHkcueMZL3b2cLp9N9Vfrp5H+w/0WfE/D59wP/ZOLq3xOVxiqadVTqezlFqSs0mlGSVvNt2WrLFrC881vBGpd5pY40UDJZpHACgdyScAV/Xt+w94C1/4e/s6/Dnw74huJmvINIe4NpODvsRqN/dar5BJ+bdGb/7Oyk4Q2+0YAr+eT9gf4KwfF/486HHqlt9q0Hwmq+I9TjdcQyyWrM2n28pOVYTXUe8xMCsscUinjNf1jadaRWFtBa26LFFEqokaDaqqOigA4AA6AYAHAAHFe9QsqU1rGTcdGrNK19vS1um/kfyR9Mzj6lmmfYHIMO/3mGqxrzaqe0jHkdSm9HCKXMpru9FrY6eMYQD6/wAzT6hg/wBWP8/56VNXJLd+r/M/iG7er3ev36nP+J/E+j+ENHvPEHiC8g07RdOglub+/uZRHFbRRgHc2Qd27JHBGMd81+BX7Sn/AAVU8VNd3OnfBqxs7KwXfB/bNwrXd1nGwyWbll0uQBgSJJHjRlKyRs2BX6mft4GeP9lv4qS20jRTDR4QjqSCoa8t1fBUg8qSDzwM1/H34gfZpMaDODZ2A/mx/wDHQTwOnH1/NeNOIq+Cwip0aThzRrc0lV+K0abjpyK2knpe7u9tTixsnFWTtyqfW19Fb+vM7D4l/tAfFr4o38994z8YarrjzGQ/Z3u5EaJHYZiUErZOgIAMMUkuw/6uRQK8cDtM235zI+SUY/PlgSwbkjOCd3zHqeTWehZQrHPynIznAxkfyNehfC/ww3ijxdHHyw2JhSOuBkn9P8a/lzOs8xuPdaNSpL2UZScknLl1bS1b+V9E3sray+VeNmpSjyys5Wu5t3s2usfM/UT9kb4a2Xh/wgviu9hIvNRjBh3qdwjIGCN3QHk4GBgYHUE/XZYMSw6Ekj8awfCWix6D4Q0LRokWNrK2gEirjkBAG3cDqQRz3P57xHcDAPQDt7evavzHNMwTnGHLfljPT2nSVktOXtGxcJXTbktbaXWmn/BJ6KKK+QrSfM9HG7bT1179F6/cXdd196DrTdi+n8/8adTXOFJ64/x/Cu7D1OWKinpJxavp3feytfvv3I9p5fj/AMAQoBGzAYQjBODj6fjyPxrmNV8OaLrcUlvqGn21ykmQ2+FM8jPUr7968F8f/tF6J4a1FtGzllYhnHJG0nJOOn44xXr/AIA8a6X4v0q1vLS5ilaSMEhXViCwB2sMnBB7nrg55r3MLh6keao5yivcblyO0b81nZyty9300bVruMczve+v9aeh4b4v/Zf8JazJNPp9v9jkkycRAABjnjbgdzgc8gdq8L1b9kPVUJ+wXjgDIUHPPp0J5+px9MV+lYQA5GP++h/jS4PqP++h/jXpxq23rUn5pRi/vUy1Ua6a972Py0T9kTxcSpa7IGeQXPr9K9B0T9jgFYpNTvgCuGcZyTzg9xzz78/p+hfzev8A48P8aQgnkkE/7w+nrWdXFqny2lCV77T2tbvKV73/AAH7V+f/AIE/8jwjwb8AvBnhWKImxhu54wvzyor5IGM/MCPT8q9qtdPs7NFjtraKJVGFCIoIGAOMDjgc4q7wOpz7D/H1/A/4GfTj6f49fwziuGpjas7qLl8m4R777v5Kz7ohzb8vT/MTZ1+U8+oJ/nSFDg4Xn6f/AFqdk+p/M0ZPqfzNcXta3n/4FMV33f3spMhJJ4H5/T0pNh9R+v8AhVrYPU/p/hRsHqf0/wAK0vJ7t+erZNl2X3FdQMA4555/E1Z2L6fqf8agXgY9Cf5mrNS0tbJX6aLcYUUUVzP213bmt09Og7vu/vYUUUUfvv734Bd9397CiiiicW16dP61/r70FFFFckotPRPXpZ6AFBIHJoo4P3unf6etQBz2t6nDoWjarr104ijtba4kDMQB8iPtxkjuM4GSO1fhd8WPFk/jn4havq00rSwrczLCGbcoRXI+Xr7dMcY9a+5/2v8A42mzgXwJoFxtllVxfywScqBgFGI7ZPTuRjsRXzd+x/8AAvUvj58ZtH8LQxzyaXarPqPiKdGK7LP5cNI+07W3htoOd7NwRjA/WfD/ACbEZjjsNh6dNRUrSqVWuflSaa/d2hzN67SVrX1OmMeZ276P5/duf0Xf8Ex/hH/wrr9n/StVubfydR8Wzy6rK7Jske1T9zbrIpAbGUlZC2CVcEDBBr9Jyc/Tt7Cue8L6Bp3hbQdK8P6TbR2un6XZW9nbQxqqokFtGIUGFCqWbbuZsAs24nls10ODjOOP8iv7uyrCLB4DD0LWcKUE/K0Ukn2e7fa9uh7dGLhSjFXfupv7k/uXn18rCV85ftE65eHSNA+H2irHJr3xM1CXwsocMWg8PXMXmeKbkBWQhV0WG5t3cMGX7SCjK+M/Rv8AXj868G8N2dz4z+JGu+L76CFtH8Oxp4Z8NTvlzIYfLn1y+tG37AJdULaXLJ5ZfOjyIHVZNteiap2afn/SPYdPsLXRba3sbGCO3tLdEhhhhRY4440UKioi4CqqjCgdB781rq24BvXmq77cZHzADPf8hgZ/xrzj4gazE0Gk+ErOd01nxVd/YYIo2KyRWClft92SOggV4TtyrEPkEc1ummro7Yu6WjVkv+HR3nhnxBB4ks7m/tInit4NSvtORnYN9o+wyiJp0wq4SR920c4Cn5jmukrJ03TbLSLG207T4Et7S1iWKGJAAAFGCzEAbnc5Z3PLMST1rWplBRQSByaazBQSe2OPr/8AqNAENRSQxyKVdFYEY+ZQ3B6jB4ORwc9e+ayX1+zGt2+iYYXNzbvcI+4bdqdRjHX33djx67dNNxaabVmno7bDjJxaabVmno7bH4of8FFP2D7D4haRqfxL+HdiLbxfZJJc6hp9uoC6pGq+YzQ7QSJ9xLGPBLMSyAgvGf5rdQt7rTLy4sr2B7e6sbh7a8gkQo8U8bKh3KcFd7A8dmyMCv7zvGuu6do2mQjULF9RTU5WsbW1Rgjz3UqhY4o2ZHCvJkhX2nGOQQSK/AL/AIKWfsRR2zT/AB1+F2mtLp96HufGGnW1vtePdkyXqwpnayMSixjlJQTlkbcP1LhDiuanHL8YrwcYwhUlUet3bVOGjWn2m5Xemlz9d4G42eErQwOLpRcJxhT9rKqknH3ou8XSdnFyjJPnu2uzd/4l/wDgqt8Dl8VeBLT4haXbFtT8Ms0sjQqS0ljcNB9qVlAG4pJBbS5JOyOOQY+bI/Ab4U/EHXfhZ8RPBXxG8N3U+n694L8TaP4j0y6t3Mc8N5pF9DdhUdWUr5oiaGTDrmN2UsM5r+zH4v8Agqz8deA/EXhu+t1mE9jd2rxMvmEMUeORfmHzEHkZ6kDOK/jW+Lvgi++HHjzxP4UvoWgl0/U7pIVYMC0SzsFKkgZUgDBHBH3TiufjLL40sZDHU4rkxEUpNJWuvehLRW1UrX3dl0MfEzK5QxeHzSilKFZOnUcG5KW0qVS60knGyb6tx0Vz/Tx/4KJeBvDH/BZH/gh9p3xZ8AabDrHjvw74C0z40+EtHhRG1mLxX4b0u6HiHwp9mvTaTwXlx9p1G20aMKZJ5oI1MQILV/mc2W4OA27jGQSehJ6/UV/db/waAftf2XjP4YfHD9h7x1qMd5J4Tlh+Ifg+zvZRMJ/DniCP7P4lt0E2AkemTNCyxxrJ/puqSOBgHP8AL7/wV3/ZJuP2I/8AgoF8bPg9Dbra+Gr/AFyfxj4Nt42zDb+GvEd1c3+j28DBY0MMNo32KPy41XztPvCAOAPgMVF6S6XffrbrtumfmLs4xku1n5Nd/wAtfI+M/D9ztS3QnIQoQD0GG3DAz6knn156gV/SV/wbv/sG/Cn9tH9pX4xaj8dvCGnfEb4b/Dn4XQG58O6j9rt1j8SeNL+90zQ9UguLW7iYSafp2l+ItqtG4LzRyDb5eG/mS0a5JCruI6cnJ9eeuP1/nx/WP/wap/tKeGvhz+2P8RPgV4p1Wz02T4+/D+0t/DUV5qL2D614o8A6he6xZ6dZyIVkluY/DWs+K79bYE+cLAxcM6svGXB6W7fqcp/wXa/4Jn/svf8ABPHxH8IJPgJ4x8YRan8U4/Fur6l8O9Xjtta0vRtC8J2XhyafV9F1yIWd/K95NrXlQafewzlVjzcawVVC34SwA/IpYnJOTnrz+PpX9+X/AAXv/wCCUHxo/b4Pww+MP7Pk+keIPH3w08Oa/wCDtd8EavPpGnReI/DF9ef2tpV7p13rnnaNHrOm3lxrSXEt41gl9b3Nihljayihn/Hz9lf/AINhf2oPiJHY6j+0h4/8HfBrSjsmn0TQ7mLxr44tlTDSW9ta6FJbeDWdsbEuLLxwiRcy+XIVCMF9Nfn2P5t7EkBCASR0A6np096/RP4Bf8E8f2xP2hvCl5428AfBTxbH4NsLG/1J/FfiWzPh3Qru0023tLqf+yL7USserXLpexbLa03OAVdiqutf3Lfsuf8ABFv9hD9km3ttS0v4bQ/E3xtBLZzp4t+KS2/ie5sLy1BdrnRtMWCx0XR7mS4eWdrvS9OspVlkZ0CFmz9N/tI/t2/skfsmaD5/xx+KPgfw4baG6jtPCekXP/CQ+Jbi0soYWjTT/C2j2cmp/OsoRYBZwW8W07JXG4qGdrPm3s+a1t0tbXu99v0P8xyWyewuJbOeKNLuylkecAAsk9s7QyjcOcrJGy5z1HSv2L/Zu+ID+Pvhlo13dyiTV9HR9F1gjgm7sGKpc+XzsjuoGjeMZbcEJzX5vftIeKfhN40+P3xd8T/BLTtZ0z4aeIfHfiDWvC1nrcYivrLS9XvpdRFg8UUaxRJaTXMsMcSEiKMLHgrGrv6l+x/47/4R7xZq3ha7l8ux8TQYtwxwsepWoDwMM4CmaLKs+7PAUA16/DuV/wBq5nRwbqrDucotVHR9snFO0o8jnTumpKXxrRX1P33wN8VKHh9jMzq4im4xrwcnOdd06fs30UXRmnKLqX/uuD0dz+2H/glzdfCPwl8Nmuz4k8PXfxH8Svealq2kyX0Ftqmn29qTbW2mxiUEXDR24jutpaJDJctjkFq/aeJCzqAMgHJ57D6/yr+BJbi4tbuJrOea1dYk+e2kkgZcoBw0TIRzjODX2/8AB3/gop+1D8HntrOHxnP4r8NwNGG0rxcX1hzAoAVLbV5XGu2ixx71uI4LlYFLAm5YKoH77m3gNxJUofW8qp05OyU6E6cqak3FKnyzhOaUnaTs4r4r8zR/NnH/AIoUOK+N82zivKpXo4nEc1K1d1PZxU5+6ueEVa3Kna11FJxveT/sfR8HaCc5OOO3+T6d6t9a/GP9mX/gqv4K+Mvi/wALfDnxT4U1jwv4y8R3QsbGeC7h1jTb6dFDSyoFmjksoULAiIxhV8wYDNvI/YsPwPn3e+SM++Ccj6GvwjiDh7NeG8dLL83wlTCYqPNeE17skre9CS0ktU3s1dX1Zhhc0wuNp+1wsvaJW507xcHJXS2d9nr5M4D4reBNH+JngrXvBGuCRtO8QaZeadMYiA8Uk6J5NwNysD5LqG24y3QMp+Yfx8/tJ/BLxD8EPH3iDwNr8G9NPuI7fSr5YmSDUbGEYiuLYlnWRJLLc+5XYCaXZnfE61/Z/IrsPugkcqOwP4dvqa+U/wBqX9l/wb+0r4Mu9D8SWUNt4gtIJX0TWUiHnwyhSY4pHA3NA7YGCflzkDGa/I+K+HZZng6soNTkoy91Q95JxS5l7zctldK1t7NXa1xeHdWEmnra1vlvvr6H8YLRrkrjADAd+Mn5ev0r6q/ZLsLPUPiACykm1AJHXnHfmvNfjV8HfFfwT8fax4G8V2ckF3p1xKLK7eNkg1XTvM2w3sDEBd5XagiBJSQMwLxsHr1b9jUJ/wALAvuvzKMZzk/L0OO/rX8l8Q5fXyyOOw1eHLOEo8skuVThzu0o9Ve1nHo01rZN/HYum6c1FqzvPpa+q/ryP19jABlUZwodVB7ASsB+gFWSAFXAA6fyNVx/rLj6y/8Ao5qst9xfw/ka/G8x5vbx+L+FG+/88zKDdt3v3fZEdFFFeXUUna6k997+Rd33f3sKNu/5T0PHpRTW+6f896mPNGSdmrNPqtmI/J79pjws2h+Lb+9EYWCdyysVBwJMsMEDA+8Ac9D15wa3v2YvH32C/i0aeU+WXwCxOME8YHp6c4J7ZFe1ftY+Hv7R0A38cf75UZGdV5zHypJAznHTHIA69MfAvw71N9B12ynLsj+Ym4k45RxkcZ5I9sflmv0ajKEstpNJfvKUY3sr8yUb3+56eZ0LVJ9z90IJBLDFKpyJEVwfUON39alrkfA2prq3hbSb0MGD2kQLA5yRGuf5H8uK66vHkrNrazaAKKKK5Wk1/WgBRRRUxklHXRxurN22v+HY5wooorhnibSkrLd9/wDIFqk+4UUUVvGScU79Fu1cFqk+5XooorWNRNWur20d1q+nz/P89Iyvo9+j7/8AB/P13sUUUVk/bXdua3T06GgUUUUfvv734AV6KKKo6AoooZvKyW2ggcByFHbuTiizelr+VrgWMHBIBIHJx/n3r5z+O3x20L4e+Hbm1t50fXryN4oIlbLQBgV3nByGJOR0A6nGeOS+PH7Smn+AtKuLPQpI59dZXiLxssqW5GRlMZVnz/y1J2Ljagd2Dxfkj4j8XeJfH2sT6rrNy88sshkRGYlI1Zjjap+UAgEcYA6CvYybIcRmOKpRjTvC+umsZO3s3KKTbTfNZXT0vromKKnOKvrdLvrJ2X3djZ1CXxP8SvGZi0yyvtf1zWrmT7NaW6l5RkhtgGW45znqTnsAK/qt/wCCf/7J1l+zl8NrbUdYtIn8f+L7eHUdeuWQGewimj32+loxClEt0YB1xu3Z3MzbjXxL/wAEqv2L9Q0V5Pjp8TdFMN9LDA3gvTL+PJWKfzGTUZIZFGYwYvMUHG6RE+cJuRv3uSJVUA8sO/p7L0wo7AAAV/Y/htwTDKsPRxk7RqqF3KVJJtzSfKlzWvBRt15fW9/Tp4RJQftGm2n8Oz0f83y6bFmPlQcckcnHuf8AP0/CpsDaTjkd/wAf8KbUgO9Sp9Ovt/j/AJ+v7NGPL16WtY9mEeVLXpta29tdzzv4h6vf6T4X1290aEXWsx6RqK6NaiUo82rm3J0v5Qjbo/t8dukrEhVEqhiQ5xnfDbwnJ4O8G+HvDrtuubG3RtUkGT5t5ek397KCMg+ZeyTyHBPzOTyTk+hXGmW87Kzgkq+4Zx1BGfcdB39KsqoDY/A+4AIGe/A4HpVnPKLjJX6y/VP9UNMYIKoDt6DPpn8P06VzM/h9bjX7XV7oKTp9sy2xUDIL9c7RnP155IFdoqgDkDPfPNQ9fyI/A9aabT/Ndz0I2krWSslt377LbX7x8fzAORjPIH17/wCH+cy0UVuZgehz071yuv61b6Rp2pXc0oCWMBmZs43qSAqr6lHIUEcYJOQ2M9Q2MHPT8R/Ln8q+TPjTc33jnxD4f+FPh2a2aG+lOoePNQU/6Jp/hHGfsN4e41MWt5u24bNqFyVF4KAO9+CjyeJdJ1L4h6pYvban4n1fUmsI7vD3lp4btbyaPQEd8KpGoae0euK6qpZdVAbdgGvcAQec8eoBPUAjgcngg8djVe1treyt4ra1iSG3hRUjjQBVVQABwAB0xXgvxx8T69bweGvA/hCJ5fEvjzV00eW6gIWbQfDTYl8Q+IG+Xcbews0WApuVHN7aCQPsG4Al8G3l9488R6j4ykynhm2vbnTPCtjcbZUa3sdkVz4hhYF4ZU1R5nisJlkYiKOVzGMROez8fabpsPgrxC2qrby6JDpN9NqVpcQCaOe28kmSMgnaCw4JKtjOAD1re8PaLb6HpGmaVaoEhsrWK3QY25WKOMMxHTczbi3qfrXzx+2T48Hw7+AXjrxGJGEkGlTQRYIwTMEXaykYYHAAHHTvzXoZPCpWzXB4enN03UqQ9/l5tFVpp2jdXaTbT6Nq1tzizLMXlOBxGYKPO6EU1H2nsnJ30tU5ZcrTSekX8j+Ov4ptomo/ELxufDFglp4fh8SanZ2MHyk74LmVLoBlRVeFsKqJtXY8cnzENgfy1/8ABVn4P/8ACM+P9N+I2n2ZjsPEW5Lt402osu4EMQuQSylSxOMszHsDX9Oktz5z3l84AlvtRv8AUHU53bryaZSCc9S7Bj1GSee1fnz+3p8F4vi78DPEtpb2ofVNEhk1XS2VB5vlBGm2K3LKFxIu1QSqLGCPT+peK/DvGVOHqeKpwnJ8kpcrpSbTpxg4Wnzt23votOh8RkH0g8uzmjPJM5xUXKCjDDVnWUm5NuOsJ048qhyw0U3fm05ba/iZ/wAEjf27H/4J9fts/Cz9onU47q78D6Fqlpp3xJ0zToLWbW9T8FX0BttYi0trtPJhuIFVr+Es4zqUOncSbMV9y/8ABb7/AIKn/B7/AIKnfHP4beP/AIUfB/xL8MLX4TeHNb8Gz654y1nTLvxL490i8v4L7QbnUPD+jpd2PhkaKDqcUSR+JfEZ1N9TnuWlsPLFpX89LQtFeJA6lH2SRSKwOVZQX2kYOCGxwAe1dNpZ+zOSDgFUXrwduB/P0/xr+X8RBJVKctHF210ej0aT1s2t/U/TKM4Tp/Eveb3avrZ999fvPatLu9pUD8sj+XWvfPhP8VPGfwY8e+Cfiz8PNdvPDvjXwF4o0Pxb4Z1qy8sXemaxoN4t9ZXVu8iNsmjlXAdcAxPLFIJI5XQ/L2lXg3IC2eR0Jz/KvSrS7DxKmAc5J5OOvXsP5V50qdr2vdbr/Lb/AIJtGKW2tz/Q6/Yj/wCDov8AZh8ceANK0j9rvTfEHwa+KWh6bBba34m0XS9S8bfD7xc8MEccuo6ZZeFV8R+JdBurl3R5dMXSNW0WMCZn8WapqEysnpv7QP8AwdF/sN/DrS4v+FG6F4/+P/im7lkjhs9Ms9Q+HPhi32qjJJqmu+JdOXxDbQs7Mh/s7wXrM8ZUs1sFKlv87nw/c7COcZQrk579uv1/I9q7m1IMiOOASO3r1/QVFn2f3Mo/e79pj/gvf+3v+0vDc6RpXjKL4FeDZljTT9E+Fcs+janawi1t7WQy+Jgo8QNJciDzZY49RjSOSR9m0sTX5Iaj4h1LXdTutd1vWdW17WdQmkub7U9Yv7nUb65uJW3yy3FzdSSyyySN8zs7FmPLEnBrg7Ng0UeSOV57dV963LZV27cY3Y6dex4zx69aI7r1X5he2vbW3oeg6XfBCoP3bheoPSVfz6gjkHrng4zXoHhLX59A17TtVhco1tdRTAgkYKsM9OmRnJ6DrXkNhu2mMAgxuJEPTp82Bn1G4Y6ZwM9BXdRIHgR1PLqGxz3Az07jPTr2BNezlmMeXZhgsZGSg6dWm5NWu43XNpZ82l3az2RyYmalBOySvt/NCT95XS199PTonrvp+33hvW4PEPh3SPEFswdNStYXOMYUug3LwcgqQRjIKgAkDpXVkebAYSdxTL45zk5Lcn659ye/b47/AGUfG41nw/c+FLubM+jN51uHPJhkJJAzk/I+TxxtGBx0+vrVsM2R3Kk+o6evcfrxxX+nPhrniz7hjB4+rKU5ww6+s35mnKlCPsZyu3d1KUqMpO/xzqx1cW3+A8UYBZfnNT2P8HFWxNHla0dSUo1oJR29nXhVjFf8+405aXSPtX/gnH4BufGH7XXwtaNPMsvCt7feM9TYI2YLXw9atd2rFg3MdxrD6Vpzg4Utfxs2VXY39jLbsnAYDJwOeBngV+GP/BGf4F2+k+DfG3xq1ezJ1bxPd2Ph3QDdoS8Wh6THcNq95Bu5Nvf6lLpQdkcJLJoUqEBlJr92D5eTyD7jODX8F+N2f0M945zF0ItLAVKuDm3NTUpxndtWS5V/d1t3P0vhHAzjlic5cspuMvh1aak1fVPS5aAXIOBwc+lNdFbJKhm4wTye3r7U+ud8UeJtJ8JaHe+INauBbaZYKHupyOI1J4ODjPSvxOsr05PtCd/RrX8PwPrtj+bP/gsitnafGrwO1vAscs3gmGWcxKBvkEs8hZtqgkhIcc55ORjpXwp+yTdNB8SokyR5/JHPzZGfb0HP61rftofHTVPj/wDGrxR4vSF5tF054dG0NAWaOLT43MSvGhBWMuqRMwTKkzTrnqW87/Z81YaT8SNDlJ8sTzQo3YAswGPbGfWv5D8RalHFYrGOjtTvGTumveqTlFaLpyyvvq153+MzRxlWbitpO+lkua9rW015T9uUOWnPr5h/OZqtN9xfw/kazrJ/NhEgO7fCGyAedzbvTvnNaLfcX8P5Gv59zBL260X8OPRfzSPPhs/X9ESUUUVxcn93/wAl/wCAWFFFFc/J/d/8l/4AHzH+0cAPCM56ZZ/XrsOP1NflLGxTUA/IKTuQeeMMD/Sv0z/ah1U2mgLAWKeaJWAJIyQMe/Y+gr8yRNhzIVzgljz1yRkfj9TX22Gg3l1CN1e3Nb12+/8ApdDdbL0R+y/wOuxd/DjSnXp5EOXHPIU+nuD279RXsK/dX6D+Vfm3+z7+0dZ+FoB4V1iwzZ3BxaSzPny5OAUBLAhX+8o6Bt4yPlFfemieOvDWvxxm1vUtp5ACsMjqVckDOCT7jHv1z28+tCUZttOz1vb+u24zsaKFBcZX5x1yvQ/nRXFJWb9QCikLAdT/ADpN6+v6H/CuCakua1+r0v1MZKz8nqv6/roOooorzZNXeq3fVdyQopu9fX9D/hRvX1/Q/wCFdKbdkm/k3b106AOoooroWFejV+j+NgFFAIPIorshDlXorfLT8dDSMr6Pfo+//B/P13KKaWVepx9aUsqjLMFHqSAPzNZGsd16r8yPYfUfr/hRsPqP1/wrgfFfxT8E+D4pG1TWIDNGDm3hkR5MjPB5wDkAc+ua+NfiH+2TEgnsvC1usQIaNbh2DOc/KWHHAzyMDIz16VrTo1ajtCDfm1ZfezSU4x3evZas+4fEfjLw54StXu9Z1O3tgilthkQyEAZOI8nPB5z2zivgP40/tQTX4m07wlKUgIaM3b5WQ4yuY4xg5GOC2AQc89K+OvFHxP8AEvim7mnvdSuJFmkZtrSMVwxPygA9B069MVzfhfwn4m8ceIbbQtAgutQ1C9cgRQwNMYR2JTfghskDoOD14FfXcPcN1szrSpRb5r0tVT9pbmc7cq5o3ej6tbaGXtZS0jFteV2/nZP5DLm81jxTqwRVuNS1K7lB2fPI7NIcAt1KocjrxkgAZIFfuX+wb/wTZSWfS/jF8bLR4kdob3w74Pu4jGzuuGhvtQR1wsLFVMensvz4BIIr6V/Yy/4JueEfhXaaH46+IyL4h8XeXHdpYXEdq9jFIyh45XUKWAXjFsFQk58wxqGim/WqOzhiijggijiiiUJHHGoRI0QYVI0A2qoHACgccDAzn+rOBPDShgKVLF4qlFpKMoqpTXPJuKblO/NbR+5H4ad2+VSs16uBwk4p1a0VeXK6cHuk7tScbbtNcqbut2r2az9K0ux0iyt7DTreO2tLaJIYIYkEaIka7FARcAAKAAMDAAGK11XHJ69h6fX/AD/9ZETb1/Adcf5/z7SgEnAr9lpUaVCEaVGChCKsklb5vu+7dz3KVK1pSWu8V0XZ+vZdPXaeiiitDcr0UUUASow6fl79TT6r1OrBv6inHdeq/MBaKKK3AyNW1aDSLC91G7dUtrSEuecEklVXOeMZYD6ZODXh/wAF/Bl5pUHiDxlrsX/FVeOLtdYvp5CC9paNn7JpCA7go0+Jo0kWPEcpVoigDuT6V4o0BfEUS6c7TpavcI92qyORNEHDeWMFQgO08kMCG4GRmuzjihhhSFFIVUKgHJxnBYHOOSQCeOvOPUAhByM5JzzkjBPvjt9K8/0LRt+u6t4l1hVaW4aSz0iB1zJYWG5REEbll+2rt3gMM/ZF3ZwK9HUYAGMY7f8A6qjkgBxlRwVIB6fJnAH0ycDoMn1oAqDPcY9vSvxx/wCCwfxKPhn4IaT4Qt7kxXXi7VpoyoYhntrRbZpFxgEgmQg8nGPrn9lq/lp/4LZ/Es3vxc+H3gTT5d6aFosmp6gisSsct5IUwVJ4dkt0JHHGOTmv13wO4ao8T+ImTYHEU5VKEHVrV7RckqairuSTjpzqnbXdJH4r4+cUS4X8PcxxVKHPXrzhSo/vVSaaT5n/AA6nNpNdNPWzX423OoXccygyvtB6Z4659+/seao6pI99bqm8kYwU3cYzkA84Izz7NWLcXsly29dxAyeuO/5/pjnHOaI5JAp3HIA6ZPPGfT3zzk+/Sv8AXap4Z4SeVrAWUmqas506e/Lv70ZX62V1r8kf5LU/E7M6OZfX6bhSj7STs51ajXvW05J0o3XX3Xr06H8n37Z3wgX4S/GvxTpVlbtb6Tc6nJrOjkDEf2HUCJEgjKhcrbLstyAFUNG/AJNfLMcrMEfJBYhuvc/XPqa/ej/gqD8KRr3hDTfiLptp5l7oM32TUHjjwzWFw3DMRlmEUwwAflVSSSOtfgouFwoI+U4weOh6Y/Sv8lPHPgqvwXx1jsIlJYXEyq1MKowcVGFOq3NXTaaTqxSaStFL5f6/eEPF9PjTgbJM4hVU6zwWGoYm07yVejSjGTl1UpLlcm27z5mtztNKnOYvmJxnGTj/AD75r0/TbnIUEk8jufT/AOv6fjXj2nyhSmD+P4dvb+Z6V32mXQygJ/ix6f5/lnggV+OqV9015tffc/WoTvbXXo+/k/P89nrv7RpNxjYeRnvuT+n/ANevRLG63berZx1Ye3p/nivJ9MnVUjywGcdQfr2P9K7+wuB8hJxnoeecY9/pVR992i03dLR3s27K9trsp1uVXcktLrmtG+l7JuyfyPYbKQiCMgk/KOv+6PXPrXQ2spGPw6ZH+eh/Ae9cToAvNUuLexs42uJpDgKpxjoO+Tznp7dfX6w+H/7M/wASfGFxHssRplrIiSC9vl2QGNt3zRZkUykAZKpknI9ePeyrhbOMyxCpUMNJq0W5K8tJXcfdsrt8rVr/AHnBWzSEVbkjq5a+1Sty6fyef4HldlcBWU59u/r6cf5+hr03wtoet+Jp/sehadd6ncoEZoLZC7orFsMcADBIPXHTFfffw9/Yv8G6AsF94tuZNfvIwrtHMfJsVf7xC24+aTDj5GZTyMFh0P1hovh3wz4at47PRNJtLWOPCgQwJCvy8Doocn3JHuK/dOFvAXNs1rYfE5hSVOlCzg69OdNJS5edxUqilO6UWlypaaSd7nymb8S4ehC1NqvUpqd6dCtzOLlZxUpRhKC+F3vqraq7PkX4D/A34jeDdZtPFepva6TayxYm02ZmluLiFtp2yeW4SF1DfdIkKt1HQ19wxP8AdJ43BSMdiwzjsc5DdRn9cIrFkHZW52jO0deg/Gvs/wD4J+fCD/hcP7UHw706a0hvNP8ACGpxePdQini8yNV8MuLvTpN+QYWGuNpUYeMrKVkdEZQzmv6cxlBeGvBGOlCrThSpYRx5oQUVTcKcYxSTk+ZzslG/Kly7O+n5VLMqmd5xhYToyptV3CLdR1eWMpNtOLguvW7/AM/6mP2U/hbH8I/gj4F8ArAsM2g6LDFdFcASapeQi41iUhcgedcNKxOSNzdTgV9G7X9/z/8Ar1bht1gRVjQLjPTjB5B74Oe59s9ej/LP90fpX+aWPxlXMszzDM6/8TH4mpiJLfWc5ycm9NZc21r2Sb1bUf3nAJ4PDUqKp8zjGKbTa2ilb4enlp201c9fjh/wVb/aFPg7wdH8I9OLC68TLa3F+0Em2RNPdNtwxKkEFY2WJMMCJJxIvMTY/Y+v5vv+Cu/hbV7X4p+DfE1yC2k6hoculwsI2AF5bMpffJuK/ME+VcKTkEZ4B+P4nxdbBZHmFeg+WqqXJGSTbiqjUJtWs01Bys1rF+8tUdGJm4UKkou0uWy0vu0n+Fz8W7nW5L37XulncvMWy0rH+LI6k5OcHPTgc8CqnhjVjpmtW0zMyhJBk5z0PYkgdPf16VefTkjeUgD5nLeg5bJ6c8DA46nr7Y1zaCC4jlHygHkgZx6c8ev8siv4/wA09riamJlOTlKpe92/et7RXd35/PofJ4iPM5Pvy363tff77fM/er4X+KIvEPhTQtTVg5u7C33ruyQ7xKcN3+VgSc4YEYIHOPUCQOpr88/2RfiH/amnyeG5XzJpc2FUtnbC+JIyBjkBTt6YJB54Ir7/ALiUEKwPXr37n2r8qzSi6dV6fDOUH33bV/l/SPOho2v+G00f6F6io4yNqjPOP/r05x8pB4zxzn8RxXEoptKy1dtkaC7hjOeM46HrWdrWq2mg6bdapqEgigtUDkHq+c4A59vf6V478UPiN/whlmziT5+SDnBGOR2AOOOvp718O+Nfj/4k8T2U+lCU+VKCCA+dysBjOBzjnt2xXfTwCmm1NaWduTe99L83l2AyPjz8TJfHniBbG2mJtIWdLXaRtEascAqDySfTn1AIwfEtO8Lazq0stvpto91MgyyJkEAkgDkHPIPb0plpp+o6nqXkWyZmLZ34yVLHPDYLAEngDjHA4r9Iv2dvgxLp9uupa+CSUF2QwO44BBQ8k84PBzjpgd++i/ZrlldRSjFX0ta+3rpdLsdB+YWqaVqelTPHqFnc2csTYzIjoFYYBKyAADOcZBGcmuy8JeP/ABV4blR7HUppoI2UmC7ZplCqQfkmJE0YVQdqh9nqpxX63+NPgt4P8YRTFtPto3OSriJElyR67Sp7Z3Jk9mAGa+J/Hn7KetWLz3Xht3aNWZlhALAjPTHI5AGOcD0rofs5rXlafmuwD/D/AO1PqtkETUBM+3AYoxde4PBJOMHkE59eBmvcfD/7UGjal5cd1NbRElVYSERuCc55+XP1IOfU4r8/9Y+GPjnQ2cX2lTFEOGeON+ecZJwfXjg9MD342S1uLZiJ7e5jkUgZeNhgj3AHbPXGMe9c08HTltbV3/P/ADA/ZDTfjH4SvAv+mwDd281c54/2v5d67G18d+F70KFvYfmwARIvXj0b9ea/EFNRv7dv3d9PFtOQPMI9/Q9sVuWnjXxFZlTDq82AeP3hOOnp0+nFYSy6MnZW1Vu2+hzn7ex31hMN0F7EwbkASIT6jv6duSOuBV+N9w4mhI7EsCPzycDsOvOfWvx00v4v+K7JF2axM+M8GRuMdeCevQYxz1+us/7Qvj23YeTdyMq9SGJzjH0PY4z14AHNZPh1SkmmmtHok93fuwP153c9Ij9GHP8AWjceghU59JASPfk/yr8k4P2ofHcJ+eWRh7q3P6n+uf57tv8Ata+MIgA6sTxyVbn2/wAecc/nTyd0l8Ddl20vor7b/wBXA/UwnHXI9iPXPpn0NAePI3NgZ57fzr8mtS/ao8eTZ8kMm4krgMAM8ew9O459a4W4/ab+Ic87W1xdSIhBwwkYDnp/Fnv6Z4xgZqP7Pref/gL/AMwP2R1LxBoelKTd39nAVHzCW5hjYY64VnDE8dMHtxXlWt/HX4e6EHN1rdnIVLLsgmaVyy9RtSI84/2jz7YJ/GzxN8T/ABdrUkhn1O4ZHc/KjsOCx3dx1544Hcc15zcSXF2TJc3LMxO4lmZm6+mfXnuP5V00cplVvzVfZtKNrwvdu+luaL0sCdmn2dz9VPGP7Y/hDTfMSygkumGRGwdEz12Eq7ocHGTxnHHXFfJvjT9rjxn4iae105n0qykLInk5V2Q8LlyBztOMBW7kPnk/K4tYLkEJa3l+y8jYolAPoO/J7cYPfPTu/C3ws8ZeNCP7L0LUY1GApntkBC/dHLXTZyMdumeB0rsp5LSi/erc8uzjp/4CpJ/Jtotzb20/MxdU8VeIdblL3eoXk/mHJ3PIV+bnjLAc5OcL+FUl02ZwHmZtzcjIfcc+nB/QH1r7T8JfsmzaZZ2+s+LdaWyKBZDbKBNKej4Kj9xGRgAhg7jJKv2rl/G+meG7S5ew02yV1shj7XgKHVeM5HXn1JHT049jBZZQnLlWri4q3KmrN2+FNWs11vqyVq0uraXd3bttu2306s+bLLQp5iAkZC55aQ4A4xwvLHP5ep6Z/pk/4J0fsd6T8MfCEPxE8b6VFL431Z0mgaSMN/Z9vIgIijJHEjAjzNuAqkLyS235y/4Jwfsdw+I3t/jJ4405k0+IxXnh7SbyLPnDh4mvIZBg3BADQwMCLcEOwaUqo/eiys7ezhhtLWFLe2gUJDBGoVFVRgEgYDOcDJOfSv6j4E4JoZfRpYnEUIpyjBqMo6t2v16vm66paPVuMfqcvyyVGnKpVkuaooSUHBNxUVJrmfNo5c2sUtEld3bjG/DEF2kAKiDbGo4AHTOD044GPf2q8qEEE/l+nXNQjgAY7c+3HX86nX7o/H+Zr9kXLTpxpQXKkknZWsrK0fw18tO53UqdnzPZO0V6dbfl5+iHUUUmR6j86g6BaKAQeRSBgehoAay55HX+f+FRVYprICc9PXvn9aAIgCTgVKFAx6jv/wDWoUYHTnv+tOpx3XqvzAKKKK3ATaoOQOT3pSAeDRRQAUUUUAV6/nL/AOCrf7EfijxDqdz8bfBfn6kLC0lfWdOCmac2YUMfsyKyndBJ87f6wurgAKVJP9GlZ2q6ZZavZTWV/bx3NvMhR45VDqVbAbg8cjj0xkHIJB+48PeOMf4f8S4LiHAR9pLDziq1Lm5HUpcyclGXLLlla/K7NX3T2PgfEXgbBcfcP18nxjSfLUlRbi5JTnFKzSa3cY7a6aef+ddAMKR3w2PrwaaWZXyOcEHBJwen+frX7of8FK/+Ccl74MvtY+NfwT0d59FmkmvvFXhWwgJNtyXn1LTYY8nbklri3UccsoPVvwrV1kjEoyCDtkVgQyuAcgjHBGDkHHT1yB/tT4ReLHD/AIncM0cRgMRTnmVSlRdejUqU1XpV6cNaNSmoqSlduz0i7Rs7STP8Z/FTwwznw/z/ABeBx2HlhsB7af1TExpylQqRcp6qcrWdknyXbi21Zx5XLyj4x+BrLx74F8SeGLyJZYdV0y4jjDIHKySRNtKgnAdJh8uCCB83tX8kPj7wxfeC/F2u+G7+NornSdRubKRGyfmgcoSC3JVsbgwwGByPQf2aMElTY4ypBA9snnH49R/k/wA9/wC3z+z7qUfxcfWdA0+aZvE8LXEcFpbtK013A6RzeWokjG5lZSQFZiTkkYwP5v8ApYeFmLzvDYfNsDgUsdRq3bjHnk5QioVE7QTcaiqJqzvzRU7Ssk/62+h54kYLAUMw4ZzPMbUkqFSg6nKqcef22sZOo0rKjLnXKtbc01ql+Y9lKV2j057d8E9v8a7/AEw58s+rZz9dtfbPwZ/4Jx/Gbx1DZ6xqkcHhbRbpEdLrXbFlmIBIfy7RbxWk4KlT5iq45Bxk1+qvwZ/4J8fCb4frbX/iaGbxdrUIRzJc4XS0mGCxi0xf9GYBwrxtcLcSpjAmyWJ/jzhb6N/iLxNUjKOAo4GiuSVSriOZxjGpJ8iUZRpObkoyulZxsk73P6t4r8eOBuF/cljqeYVJucKdPB1uaq5QUbuShTqKmk5pXcrN3Selz8cPhp8IPiP8QLm1g8J+E9S1S3lZV/tG5gktLCLcV586ZRu4JZdgIYKSDX6X/DP/AIJ738i2t98R9dMUZ8t30bSMqMHnbNOecpyGGeQxr9T9H0DS9DtIrHSLC1060hRY444IUQ7EACg7VCqAFGAM/pWr69ec9Tk8+/Wv624O+ifw3k9CliOIYLFY2UIyqQhSToTaSlouaCj7OT0co1HLnaltZ/zpnf0j8bmVevRy5fVsBOUfZqpUk61rys5VHGTs005KNleKtoeY/DT4E/DD4Y20UeieHbGWZFU/aZoUmuSwHLGR1JBPU8dR7V7j9tcKIrWGO0gGFVY1Abb0AGOgwT0I69OKxB8vI45zx61aTJYdzz9ehr9Ko+HXDeSOKyzLsLRbg4L/AGaEp3gkr8193zdIq1upyYDxY4mxLSrYiNShBxapqcruMnLRTu5KySUtHzNJ2i1rq7mdRvYt25JPAPQenQdKcvVfqKYn3foxU+zA8j6jIp5BABIwD098V3xwEcLSUXHkjBe6uVQSS1Sine1lqvlrsz6/A8bVcXObbanU5eblk223davl5nq2rtN36l1Puj8f5mv6Nf8Agi/8HrbTPAPjD4yX9tA9/wCKdTOhaTceaJJIdN0e4ure4RF2K0Xn3qyPIQxWYRQjAMOW/nU0nTtQ1jUrXS9Msbm+urxyiR20ZlZdozllBHBzgc84Nf29fsy/CiH4L/Bb4cfDOGNYm8N+H9PhvpAqrJPrMiG91SebaWDSz3LSvI5OXkZiT0r+RvpL8ZU6WT4bhrB1LvG1YV61SFRpzo04wlKnyKPuxU3GMm5tTVTWMXGz/XeAMN9cx31utFy5owlHmi2qcuaVnqtXJNu94uLX2r6fRagbRwO/Yepp2B6D8hS0V/DZ+9qKSSsnZJXstbFevlL9rr9nfRf2hPhXrXhy5t4U1y3t5bzw/qPlgz2epwozwlHwxCTkeVKu1gdwO3lzX1bURVj1HXr0/X8q4MVhqOMw9XDV4RnSrQlCUZJNWkmrpPqr3T6MJRU4uMldNWaP4pPix8CPH3wm1u80TxZo13Y3dtI+zzrZ4YbmEEqs1vK5Mb+ZtZjEHzjbsaRm2L866kpCHIOQSP0H9RX9zHjr4SeBfiHazWvjHw3pmsW8iMsck9vGZ7ckBS9vOAJ4HHGWjcbsYIZcg/nv8Yf+CW/wU8baJqo8GpeeHvEF0jNb3dxcy6japIMmMNbXTHK7iSwilhbAADV+OcQeHMYQr4nBJzglzRhSpOU1u2pXmrW+y1zOVtbNa+dXy+NRPlaWmzV7tL8+3/Dp/wAxvgfxpq/gPVbHxBo0zxxW0yNqkCuUF5bbhviOOsgUZjJyP4TtBzX7c/DTxbp/jfwvZapZXAluWtopLiMybm2sgxxnhlOQ3qME46H8Tvip8M/Fvwg8aa/4B8X6fLY6no97NDIjo6wXMIciG5gZgu+CeNRJGQehIPK5Pqf7O3x2vvh34gttL1e5dtFvJRFE7MdsJJw0DjGAhByjYHJ2HBClv5u4qySWHcpxpuUlKcaseVwfute9FWleSb1ad9976fKYmk6dSXeLaem9na+3Xr317H7OxOy4wSVBOCf4SOxB7e56fTpoQkzsqNxgAduRx6nv+dc/oOv6X4g02DU9NuIp47lFkKxurbdwB6A8Yz0xg9ehrdhYKykcKeh5BXnJB9u3t06V+cyjKk7STt9l26ro79V/WjRCd1c8C+L3w5k8VxyLGjSYyFABIyOB2/z17V8vW37O2ri8B+zgAkDdt/H09/5+1fpGyq2dwB9c8+30pPLj/uKPooH8q2hmTglBUrpNK/tN+l/gf57DPnn4d/BDSfD0cN1e28Ulxw53Ip+bPOAd3XvknkD3FfRloILOAW8EaxRqoUKoxxxxwOnH/wBbkmow27n8OgH8qcFLD0984/l9fpTniZ1pRlKaSumoppJfda783r6LQBrCXcxUMATSbZWwGUsMjhgCPyPFITKpxk8enT+VCtJkZLY/+tXQqiUV760W3N5bbnQZWp+GdF1iEx31jExYEF1QA856qRtJ56kfSvMdT+BPgjUFc/ZoQzZxvtwSM45yFx+f/wBavbSSVOTk7efyqk/3j+H8hU0sdN8yTsovrNS3b7ry21WoHyHrf7KGi3pkNrsQHO0J8mOcjp0x6Z/+v5jqX7Hd2Mm1nYc4GDnHJ6jJ6Dt0989P0Ki2nP7wge+f8O/9KdIxAAWY9scj/wCt0/rk11Rx01vFPzX/AAGtTnPy41P9k/xdatm1kMgGT0Izj1wO+PTP4VxmofAHx7p65+xSSgZ+6rnO0en5kD07V+uPmykgl885HHH4cmpXEUgPmwxP7so/z179a3jj5dVUXZxkwPxxT4M+O2POjTYPcRSc+vVfyq9H8EfGz4J0eUHI6xSHn6bfp/8AWr9fRaWpPEEI/wC2eePrx/KpRp8ONwjgAGOicdfxP+frVfX/APr798v8wPyVh+AXjW7C50yReh5iYDJ45+XsDjkcY/Grsf7K/jG+bLWhRm6kqAR0HUnIA7j9a/WMQxJxsjUj0TPGfy/DFGxezBfonGPyGPp0qXj4/wB9+rf/AAQSu0u7sfmtpH7FOr3Gx76ZYlON+WwccZGNx4GB2Ner6T+xb4YhjDahcK7AAsAC2Tn2yDjFfaiICwBlIyeoUDFcR4z8f+FPBhH9o66AcAuuArDPPQjOenB/D2Sx1n7t1d93r2v3+Z1fVk1dVE9L/D5X/mPM/Dv7Ovw98Owxpb6JbMYvvTPGrMeRkrkHHqCefWtHW/Fnw8+GVo7TLbRyxqSlvGymRmXO1doJIBIA6Y7V81fE39sXQ7RLnTPDl00YbfGbxtxJPIJUdsnOMYGDyTjFfC3iPx9eeJ72XUJNXuLlpZGYGVmYLu/uhuB0HTuPxrowLxmMxiV2opK1ldKO10l/l09CWrNrs7H0F8TfjpqvjjVpx57w6bA7JaWiuyxxQqSFZ1BALlfUHJPTmvqH9j39kvxR+0F4u0nWtdgmsPh7o9yl1qd7KjBNTuIXDHTVJ4eFSuJDnDsdoBG4ra/YL/Ykh+OWpyeKvGpmTwvp08c12ksbRi7CsG8iAsArO4wM8iMZJyeK/pB8F+C/Dvw/8P6f4V8L6fBp+k6fDHBFFBGqGVo1x5spUZaRiCxJJOc881/TXhrwFSlPD5pjb1ablFqlOk+V7N+0u5RbafNTjo6bUKkt0j3Msy9uVPFV4rkSk6UZPVu8Uqko2emr5E2rtc2yV+i0HQdI8M6VZaJoVnBZadYRRw2sFvGsaIsahVO1QMucfMx79K3Y0AwW5J6Afj7jGP16DvSRJhVJGSQMD9Ox4/r09TVkDHJ5J6n+g9q/oCFKFFcsYxSjpCKtywj0b6OTWy6bv3tvdlJz91N8i0b2c2ui/u939rZe78QABjgce3+OT+tLRRVCEbofof5VTdypPOAMdRnHSrmR6j864nxhrEGjaTc6jdSi3tLKGW5uZyeI44vLJyCB1zgc4B7Gk2oq7dkk38lvY3w1F4jEUqCaTqSstL7NX0um9/6ufJEv7cvw0sfjjffBPVorrS9QtlQDXrm7i/sxp28wCCSMwK0JJTbv85hk/dGOft2GZZESRW3JIiuCCCCrruUjnGCCCCDgjkZFfw9/tB/Eq68Y/HLxV4u0rULqGV/E+oXtlcwzMsiWfn+baJvQjIRWIz3B6AZFfvR/wTb/AG4X+JWkN8MviBfb/EujQWsGl31xOE+3WyLMsVsxkV5HlUjbE4bLLtiYMyqx4lmODnP2cK0XK7TUmo2eyW73f/BP2/i3wVzvJuH8FxBg6UsRhq1B1qkY0ZQkouMWv+XtR+6uZtuKcle0W0k/2pDgADngD0/xpd49D+n+NUUYlVPIyASAc4J6jI4ODxkcHrSq4JX5iQcnqei9fwHeu1NStZp3V1Z3b69O19T8LcZJXlFq27s7Lvra1vM0ByAfWimr90f5706qW69V+ZIUUUVuAUUUUAFFFFABTW+6f896dRQByuuaHp+u6fd2N9axXNpcxPFc28iB45I2BV/kIwWxkEY+YcHIOK/l4/4KPf8ABO6/8B6hqvxa+E2lSXGhXEkt7rHhywQlrYsfMmvbHT4gSqg5M0KjkDcuetf1TlRg44OO3/6/auX8QeGtK8Q2c9hqtjBeW86MjxTRrIpVxhuD0JUkZz0JBBBIP6V4Y+Juf+Gef4fNsoxFX6v7WH13A+0lCjiaSknK9rqM0m2p8r6ppps/H/FrwsyTxHySrgcZhaP1t0q31eu4JThU5VyuM1FyjJvS2ik7XcdW/wDPAwWwpOWb0AGSOeAOBVX7EHckjJYjdld2do6HIx+dfs9/wUf/AOCduofBzW9W+Lnwi0qS68I3Ukt74h8PWUO/+ydx82W9sYYw3yDJaWJeDyy/MDX46Wp3nJ55YHr1BwR7YIr/AGY8L+PuGvGDI8Nj4VpKrSpUvb0W1VqUKlam+b2klGk25yoNNSjHk5N2mf5Acc8CcS+EfEuZ4ajVn9WnKCpR9nOkqtOhKqk+ZzqL3I17uyfNzNtJapIlEapGoCquAFUbVHTOFGAM/StKF34AZgMngEjt7daofx/8C/rVuJlBwTjk+vcCv0OWVYXLYTVJWhLltLksnGDld3b1spaXeie92eTlWd4nM6kJV6jbTfN+8U5RdRxTjayf2X2t9xpA5AJ6kAmlpF6D6Cvcfhl+zh8ZvjHdpa/DvwHrevQ7EkuNR+z2drp1pG5KpJNdX8nlKjMrgMuD8hPHb8/4q474Y4boyqZpmWHw9OKmoyrTUOeSUVJRspr3XKKbvvJH6dk2QZtm9Rwy7Cyr29n7STbgqbqc3s/sy5ufllrpbl63svGFIDAHrt3Y/wBkjg/SrygkKBnJAxtIDfgTwPxr9tfgr/wRm8WagbTV/i544s9BX5JX0jw5t1K55wxin1LUF/s+B1ZfLliNtIjhz5TgqK/YL4KfsB/s8/B2G2n0PwPY32uQqudb1aJdRvyQPn2Xd2JUZHOGaFWaEFVMbLtWv5H47+lJwnllOpR4epTzXFwnUi5xjFU4tOPK6cpwScZK/vpNPRWurP8AqHgjwM4izGhRr5hXeCVJRlywc5N+0u+Wa5oczSjotLareSP5ffg/+xf+0X8aVtrjwh8P9Th0ucoRrOvQzaHpZgYg/aoZ9Rig/tEFSGP9nicyIB5algxP6tfBj/gjTcD7Ne/GTxvFOjbJZdD8Nwq0alcMYZJr/cWDchiI1Iycc8V/QHp2h2mnwRw2sEdvEihEjiVVwijaqkrjCqoGEQKq42glavmAKeB6H0xgg9/cepr+S+LPpEcbcQVpRw+IrZXh6jqLko1FKai1BWnOMeXXV2UYtXa1P6c4Z8JMqyWhF4iNPG1/3XNUqUdFy31UedtbvV6O13G9mfL3wf8A2Rvgf8GbO2g8G+CdLs723VVGrXdvHe6k7hSrOLiUOsO/7zpEFXcoKgEDb9TJGsYAX+E8HkdiMgZ44JHHY0u1T26fX1z/ADpwAHAr8Sx2a5jm1eeIzDF1sVUbbU61SdSa5m27znKTd3Z2XLFPaKP13A5ThMDTgqFKnDlhFLlpxgkrLRKNrbat3b6tssUUUVxnaFJgeg/IUtFc4CFQwwRkehppSNRnaqgdwMfyp9I3Q/Q/yo3TWtmrNd1/XdMD8nf+Clf7JN18d/BUfjLwnYRT+OfBjPPb2kUYD+ItLlQtJpErou8u23MUhzslIPQkj+VjVdJudEuptOvI5re4gleJfPQpPC8DlWimU5aO7dgVdc9hIjEMcf38ywxvlXRWU44IBHTHfI9eP0xX49f8FDv2IPAni/wn4i+LnhSG18PeMtKs7jUNSjtbVBBrkMCea7SWqEBrpctunQKz5USByUx+P8f8G0sTh6mMopKc1VlJKkrrZu7v71+Z6abXd76eLj8DzJ1ItX1ctF1+bb16rr02Pw7/AGd/j/qHg++tNE126kfS7hkjhlmmJEW8gBH3dhnAJ+h4wR+svh3xHp/iCxgvbC4jnjnjVwI3D8EA9iex69/rivwBv4bK3ltYcrFIjlSwGxtyEjdjg5yM19w/sufFK/fWU8MXFyWaARrEWfcJIWAEbD3xlW4GGBwOQa/kvO8HSwsqmGnGM7c7jJJU3CUUrWXvNq7s9Vey2drfO1KLhZ3vrZ6Wt5bu6ev/AA5+nqsQRgnqOv1/HFW1JI59f8KpR7mCMw5IVmPTk4Jx/wDWq4nQ/X+gr4VxabVno2tn0ZmPoooz0984/DrXP7397TffQBcn1P50ZPqfzNJRRzT25pdrXf3bgFIRkEetLRQpNNO70ae/ZnTZ9n9xWMTE56fl6Y9aTyW9f5f41Y3r6/of8KN6+v6H/Cu1YzlS12S15e3r+pzEQi5Hy459en4ZqeiitY5kno7f+AL8d7+t2A3ao7fqf8aeCR0OKSkY4BNX/aC/mX/gtf5ASNIMY6ZHcgVWcgnjsMfzqAOxY4U8diP5Hr/+up1GTisP7Rv9v/yT/gAIDgj61+X/AO1TLrU+v3iRQsI1WWOIKdo+ZWBIAI+6gZhjo23t0/UAYyMjIz0zjP49q5bWPAfh3xEXOo6ZauHH+sljUTIxGCyzD94DkZwCR2wM100MS6klz2smmtl5vp5L5XN6VRxU09XJJJt7b7d9z+du50283O1wmSGIYyKGIIOMHIPp+lWNJQRr5RX5t7Lt5GcMemOg78V+wvxl/Z98MyeGZxpmjxxXAEphurfmXcQpDMcHcQQCBxjnOeMfkp4i0W78MaxdafdRPHdWMjRyKQ2113fu7hcgZWVcBjwd/ULzX1GT4pUcRKqo8/Korl5nFvmb15uV2tbt13Qz9Av2Z/23fHv7PyJp9qqX2jSeTHJbZWJliiPO1mSUF9oCk4UEBc87if6Kf2Zv2vPhr+0Vo1ne6Jqdrb62IY1u9MklSOVZ9nzARE5RwwPycq3JjY7WFfxzaNYan4hinFijTvbxiWRFzllbdjBBHIKkd+vXiu9+F3xK8VfB/wAV2/irwvqdxpWqaRMhurUyulnPHG/zRXcIIXdlSYrlF82Msd29HbH7twfx/UwEqWCxEpU6TnF05us5Qd2v3U/dio6e7CTjJNPlk48sU/WweYShCFCo04xl7kpfyu37tvotHZu61a6RP7qUAxnuc/z6D2p1fE/7Ff7UmmftH/C7T9baSGPxDZILbVtP8wC4gkiADSyKAWcSPu+cKMYBOQSy/a4bIGcAntkH+XWv6Ty7MMPmWGhicPNSjJLnV7uE7JtN/aT3jJaSWujul79OcakVKO3Vdn2/4OzFpG6H6H+VLTXGUYeox+tdxZUkZlDHnA9O3TPIGe9fk9/wUo/af0n4XfCnV/BlncJL4o8Z2dzoun28FwDdQC7WNzOkCqJSsawMWJeMM22BWEkqg/efx6+L+hfB74e634o1q7htY7GyuJw0jKpLRKJERdw+ZpDwoU5Bz3xj+Mb4z/FjxT8ZviXqfjHxdcS6hNfzzLZxSSM8emRPIRHGqEhVmeMjftACg7ckk48TN8esKoRUOdyhV5nz8vKkof3ZXevlaz76f0N4DeFuN41zpZlUoL6hgZRanOMm5SlzOPIuaClGTpyu+Zcvs09VNHn9lp89+Lm5iiMs+PNkYqC5ZssdxJLZyT1Prkk1u+GPEOqeFNSh1Syaayu4nAaW2eS3kypJGWhZHOO3zfKenWvcPhl4Sijtru4u4wwlhAAZSfvLwP6ccDPp12b34aWk+bgRqsbyM2CvTJPP/wCr8Otfl0sfOOPk1KStJ6XaS1b3tbby312P9JXkOAxmXrIselyxXL0sk7c1t0r+TW61e571J/wUX+Plh4Nh8LQazAnlxgRX/wBnD3kMTRxACOR5GYPgHc53A5GFXt+gv/BJTxb408d/8LN8T+K9a1DU73Ur+IO1/KWDNtvCM4Y9ADzzgHjOef5/vHGmLpWpQQC8CrMk0ajooMblB+QHX8yc1/Q3/wAEdLBU+E/ie8YBriTxXLA0vG4xJpFvIATnkF5Wce5PrmvueH82q4vGUqU7xjSUldz5ufmi0tHFW5VD+9e/Sx/IHj34b8N8HcPYqvleFjzYuUm5KnCCpyoypyi+ZKXM3LEu2sLNX1ctP20GMDHT/DilpAcgH1pa+2Ws/m/wuz+ElsvRBRRRWowooooAKKKKACiiigAqKRVCMcdvU+v1qWig5mk90n6nnvi3wTovjLSb7SdYs4Ly1u4XglinRXR0lADI6ngqQT1Bx0wQcH+Uv/gor/wT91X4H+Ib34lfDDS7m98Dapcy3Gr6RZwszaJO2JZ7m0ij3kWo3hpIFztBLxDGUP8AXTMh549M8j2/pWB4k8K6D4r0ufSde0y11GyuI2jlguoVljdXUK6urAj5gACQVfGRuIJU/rHhT4ucReFee0czyzEVamC5rYzL5Tk6Fem3FtOPMrbX93lleMWnun+M+KnhBkPibllbDYmlSwmYRjehjORX5nfRtJNSTVk3eLvy1P3blF/wCfD/AOFvxB+Keoyad4A8HeI/FU8IVpxpWmNcGJWZlJaMTI5CsjAhTuyDheMV+q3wV/4I2fGrxmbTVfihrdl8O9LfZK+l25i1nxHJG3zAG3gdNPsyQrRypdaotxEzKViba1f0/eHPhd4J8KWS2Oh+HtJ0yyQALbWNlCi8Y5O5M5989+STXaiDChFQhFAVQRj5RwowBxgAcV+w8bfTH8QeJaMsJlMqWUUHKbnUowarJPltGDlF8qklJTtrs4zT2/JOBPog8G8PV1i8zryx1aKp3pSSnSqy99tyUJ0oxcG1Zcs4yu7xVve/NH4I/wDBLb9nH4Sx2t5c+HYPHOvw7SdZ8Uxxamvmj77W2luDounq7BXVf7MuJYio2XCtnP6IaF4S0fw5bQWmmafbWkFtGsMMNpCsUUUagqEQ4BRADgJCI4sE4QDAHUQxmNWAXAbGcDGR2zj/AD1qYKSQCCB9K/mrNuL+IOJK86+dZpjcdUm7t4jEVJxbk22lFtKK1dklZXt0V/6Vyjgbh3h6jClleW4WgoJJONCClokt1d6283vuQJCxI+URr1wMk+vU9+1XEVV9SO+Tk9PWpNh45+vHT/P4UwjBOCeDgc+n+evWvnpTbbfV7t7v5/PztqfV08NGCSUYxStokkrJaKyXTzt6FiikByM0tQdKSWysFFFFAwooooAKKKK5wGP0+h/xpocKpz25/DqefbmpetZF5I0Ybbk/Kenrjp+P8/zEybUZNbqLa9UgPkT9oL9uL4PfAWe50XUZpvFPi6BRu8M6LOi3EbMu6MXd20M8Noj/ADASyIRuUqATgH8gv2nP+CmL/FnwbrHg7w14GuvDVprcJsNTbVdVj1Y/YgDujtzp+nxNHJIzP5kh2qV2KThMj86PiLr2seM/FGta7r13LeX+oazcXtzPM5Zg8rswjXI4jhUiKMAcBST8xJPl97DH5jMrMwDcbic+n49ufpX4tx3xhVwNGtlvuyrVVNRkqqg4Qcowk+RQbbalKMXzXTTauzy8wqqzpx0kk7/9vW0XXbS/n3RlaPoo8U+KbS02D53L4CkA7yW/iAI9csM+ozX6j/A/9nPQ/ClvB4uZM31zt6qeCCAQN2cE855A4z6EfEP7PPhp9a8bLcNEXVJ0RMrnGWy3P+6pHtkV+w2jWv2GzitM4CbV2jIA2jGPXgf/AFq/lnPZ+3rSk3Ln5ZN3bd+Z3V35W3tr5aI8GSuvTU0URUUKAPlAA7/d4GD/AIU+nNksSepJphkWEh34A5x3I9vzr5FwvJrl62+HzMTnfE/irR/CWnvqWs3At7dCR0yzEAEgDuQCPzr4T8TfteJH4quIrKNW0m2CpbxCYQSyjexaV2Mcg+cBcDGRgnHOK8v/AGnfi9ea/wCJrjStJuGGlQ5tkRXxHPMMoCMkADdlzkgbiB0yB8p6Poz6rrdnBIu+V8F2Kk4OMlTkk/KcgZPrjrz20cB7NKclpVskpU9ox66vrzeW1+ouVXvbX+tfX+u5+6ngHxlpnjbw9Zavp0wkWaFTIp+/HJgb0kGTh0Y7WGSOhUlTXb1478E/DSeHfBOlQeSI5Hto5H4wSzgOc989K9irxsbh40azULuMm3bltZq17au6u2l2tbUy059NuZfn/VgoooriPQg1y2aV+XR28rhRRRWEt36v8zzpbv1f5hRRRVQevqrfkIKKKKgBuxfT9T/jTulFFYw+OP8Aij+aAKXJ9TSUV7cGlGOq+GPXyQDZY4biJre6iSeBwVaORdwweDt5BU+6kHFfmH+1z8EpYHl8U6NbkKgaSUxqCZ7VzuaOTb1a3GVViMhWXOSMn9Pq5PxloVh4i0a40u/iWRLiN0VmG4R7hg5UkblYHkZGcdQRmu7C4yVCpFpqSdouLlZNPTV63te66pre10Wptb6/M/BPwTrc/hq+juoZAbdSBdxEAb4+A6sCTyvIPf07muw8Xw6TrFzDq2i22+HUV23qKPlJYYZmJxypOevTIwT1r/GX4bX/AIL+I9zp2kpIdHunmkB2naMlmPOAPmAbdwBuBbgOgq/8MPCviXxd4m0fwPoUId9UkaOJn4CysCNmT0yeB+mBX6Vw9g5Y+rQfvNOdNpfFa8o2Wtk2l3tfy67x+KP+Jfmfq1/wSIvNf074t6zocUrHQ5/D2oXM8To5RZrYWkSRja6qkkzXMbK5BAaNyVbPH9ISE5Azx6fga+Bv2Jv2SdO/Zz8Lrqd/dJqXi/XrVJ9UYqJDppuFSX7HHc5Bby8KHVYowG24yFFffCfeH4/yNf2RwdhXhMop0pSbnaMneHK7OOl9ZN31WrurbK59Vg7+zd1a/K7adV/wC6vQfQfyoIyCPWheg+g/lQckcHB9euPzr6vY7Nz+aH/grv8AFrxS3xH0X4V211Np/hGw8PRa2bMNIft97c3lzaZuW3ASxwNY+YsbKAHZCSQoz+U3w8sdO1HWYrvU4G8gODAjgkSueDcSgAggY+QEZLZbhUG7+pr9tf8AYo8OftG6WNWma2svGOmQyLoeqKEg858uyW9zgjehZz5qsTG6vkCNxub+X/4r/DPx/wDs++LrrRPEOl3VnJBcOFvGjYaRexB/9fZy7Qh3AZ2g/NngEdPjOI8NXdPmovl+NSdm9Gk/demrt53Wh/oJ9GbjbJsJk39jycKNWm6VOcnUi5yc1NNxTUXBc1o813dNp21v9aaXa2dvFi3RQpwQFjA4PHdcdO35UX8n7to1Ud+ATz1Oev5D64xXivw+8fvrKQLJMCWCjhs5bgEj+npnvivZT+9IcjKuc55x2PXr6Zr84lRcZXcryeknbW8dHrdvf8j+uJyVSpKrCLi5JO92209Yu9k1da6nyJ8XtFYahp74Iy91yOmDcMw689Dnnt1r9gv+CQfxm0bTJPFvwt1GU2upJqH9rWhkmAjvB9mjs5Uhj2Ah4CsJYhjkToVAAJP55/EXw3FrGlSSIqi6twZonwA2UGSvQHEkanPbfGzfekr5y+G/iLxL4B8Yp4o8Ma3caP4g0i4Sa4mikaLzrKJgxgmCkBlOCuTng4bKnA93h+uqGPp1G2ls0nq7XTS72vrbp6n5N408Pw4l4LxeFcb1k3KnUa5vZtq73te8oQ3kvhP7vkZWVSP4hkDnoeeuB/Soq+Lf2Lfj/d/H74N6D4nvrC4sr+1lbRL57ggi8vLFEFxcKFxjduVn2kje+V2ggV9pD0znHBNfrlOanGFWOsZK60stVqvJrXT0ezP8qszy/EZXj8TgcRHllh6sqcZ9Kii7OUV0jbls7tO/kWKOlFePfHf4taR8D/hb4x+KGt2s19png3R7zWryytplhuLmCzgaeWOKVo5VRiiHkxsORx2rpOE9cMoGMjr05/8ArVLX4x/se/8ABYL4S/tT/Ee5+GeqeGG+Fuvyt5fh+PVPEp1mDW5xNLGLWOePQ9KMdxIiRusbQbQZPKEjyGNJP2TUnaMNkccgnByAwx9QwP0IpXT2aYFmiiihtLdpeoCEgDJPA71+fq/8FLf2YJfjZD8B4PFMkvjOS+fT5ZDGqaZBdI+zy2uiTuIYOHIHyFQDncMfeGq/PZ3VqPvXFneAexEePp/Gfyr+Cn9vn4L+O/2XP2ifEvhKfU4ri+1y8ufFmleILPzlF3o2pSrLaSxPI4uYyxdgULKIwgGd+5I8a1eNFRdlK/N9pK3Lbyd73A/vUSYSlZI5N8Ug8yN1YlXRxuRlOcFWUgg9wQauDkD6Cvx4/wCCSX7YM/7RHwbg8I+K9SS58a+BbSC1uHuZC19fWCDyYpJiXcySwshhkkJBYjcBjJP68fb7IdZMe54x7k5GKxWMUkmqej/v/wD2oGuQD1FIUB9j/nt0qnb3lvcoJLa4imRhuDRyK6kcZIIJGBkZI9R6jNwFs8gfXP8A9c1tDEwf80fldX+V+3VIlwi94r7rfitRFjVe31OT/jS7FyTjk8nrzTjnsM+3SkBOeVx75BpuvTTtr8o6L8rAoRW0V+f5ibVHb9T/AI06iitVrZ+X5lBRRRTAKKKKACiiigAooooAKKKQnAJ9K5m0k29krv0QC1nyhCx3gH0zk9hXyp8df20PhD8Bb+TR/FF+L3WEgjmbStPn33oEwYxqIlt5eTtO4sVC96+Wv+HsvwNY5PhnxUp9N0RIx25tQvbvXmYjN8BRVpVou/OpK/K1y2TXXv8AgJtLdperS/M/KL9t/wDZ+1D4KfF/X7Swi/4pTXLybU9CnS38uOCG8/fpas6u6MY8SRKA29BC3morMu74CvGIZ0DZJyBx16dM9K/X/wDbR/bL+Dn7RHhDQtM8PaLqul6xo1/d3S3moRWxE0c62g8staR+bwLeRVZ4wF85mBJ3Z/K3StIh1TUrWIHf5jEFQCC2cckdh064Pp1r+Y/Eavg8ZmlPEYSSn7JVlUkru8eeEora6UfeXVO/S2vhZhPlqRlGKaknez66PXTu3/wx9j/skeEtobVpYQSiyTBiMfO3Cn6jjqfXtX3x/H/wL+tec/CPwjB4R8KWFssKx3E8CPMdoDDKKwU8ds5685BPIFemr1H1H86/E8TVVWrVldatpK6e2n4vX5nltqz1V7PS/UaVzKU7+WT+HXvXz5+0X40HhPwBdzI+y5uA1rbDOCZJAQSDkkYXkEA88kV9Csds4b1j24/T+QP6fWvzi/bR8TJdXGmaJayhotOUyTojE7p5jjnBAO0EDByQSRkc582Kj7RaL410Xc4pbv1f5n5/61fz6tdvcPIXYStISTznOS2Tnrnqc+/OK+0v2Wvh7Dr2qRa3fWcc1rbsEVpYwyloTvkIJ3D59ypgAYI5ODXxVpFhPqF01rBGzyzSxoijrl3CKBjnBZsH8+1ftT8CvBkPhPwDYp5IWV4o/MfaAzFkDysSOSWkJHuFU19Bi6kIUKScItuNo2aXK7RtdW67taaJNeWsb2V/6Xme4wQwwRJDBGsUUahURQAFVRgDAwOAMVKOc45x19qoxSjAJYDGPmxxg8cjHX/P18x+IHxb8NeC9GvfMu8XygkAjB47DjH09emPX5WrSqTnKTjzXbfwvS/TRP8A4O77vNxaezfmkerF2BAJwT7f/WqfB9D+VflTqv7W2rDWWW0M8lmGIQruwTk4OSQCPy9MjpX3j8GviR/wsHRbaeSeP7V5KlkyNxJXJDDjDfXP+PDXws4QlNJ7O6s1olutFe2t7evc2jN2akmrppdr228r9D2SilYbSR6H/Pp/Kkrxpbv1f5mD3fq/zCiiihbr1X5iCiiikAUUUVDjqmu6v9+/9fnuBRRRXXFtJavZdX2Ajk7fj/SqF4MxkHnjj1yc9PyFX5O34/0qu6bzjGQQP5np71UZNSi7vSSe77gfA37UPhHybS21+OPDRlt5UZyGQnnjJ5+g5xxivn79nnxA/hf4rfD7WY3Eclp4j0uRyMhihuVPO3BA46ngc+tffv7RWijUfhzqVwkZd7dwoAGWG1Ce4+vpyeTwK/LrwrdPpvijTLkMU+x3enOF/iV45cZPIwcjpgdO2K/c/D/Fx9rh72aVSnrpt1+W9n+J1R+KP+Jfmf23aJJ5unWcx6zWlpNzk/6yAMT/ADH4fStYOseMkcMV/wCBdx35GRXmvwu12PxB8PfBGrrIGOoeGNKnkYHP7w2se8E/3gzHPXkZr+e/9vz9ubxP4m8Z3vw9+H19f6L4a0m6NjdXdjfjN/dhc3YulPJAzhcEr1xg4r+uFnWFyzKaGIqOMnOk3GKkoczhCDd5JSs48yWser8r/X0XFU4axV4x00V3yx/J3R/Qx4o+Mfw/8HBv7e8U6FZNGSslsdUtpb8FQMiOwhMty7Z6gogHqecfOWq/8FAP2fNN1P8Ass+ILi7l8xoyba3yVKnB3RyBHXnHB55+tfyjWPizxtq127W2p3+oKwLXhurqVlI6/LtAGOODj0x0qvLN4r0h21p79Y8kgbpJSPT+L6kdO/5/B43xJ9nOKoR5PempWrRmpJOPL/y5jayb9b9LDq11StZKXNfqtLW8nvfy2P7YfCfxB8H+P9Dtta8N6rZazpt1Gkh+zypJLAzDJSaMESQyrggqwB49DXyx+1z+zL4f+PngXUNBmsIV1A27yaTdBAZYZ9iIoLucrgjkEfP6nGD+e/8AwTG/aAur/X73wPqFyBaatGs9nE7g+VdphHQbieN+cFQFII5xzX7r4GQcDKklfbPXFff5LnFLPsv9o4Kb5YRqOLuvfTa1s9fdeqtqtOqPZ4e4izDIsxoZnl1eVGphpqU4Xk4VYu3NGSVnqotJpN9tmj+Drxr4T8Z/Bfx5q/hHWbK+0S70m6dWtLln3KvmSqoV1EeQURXGBxu29MV9heCfFemarpkTSSk/IuWOfQdy3ODwTnrweTX39/wV6/Z20+KLSfjBpMUFpLNdR6dqsuPLRiyBlnk2LjI5JJyx2nJ+bn8VvAPiS+0zRr7T7llV4XK4JXOUbAwwz12kKwPzYz3Br5LPst+rVfaUotJyXNFW1UrWml9ylZa3TsnzM/1W8F+PIca8M4avjKsamMhTXtajfPONOCUeScrvmVK0+VyUZcq5XKSUOX2D4p+PYYm/szRXMt6HaE+WwAUMdpDEHI4wScE/wgHGT9z/ALDf/BOvUvipd2XxV+LVjJYeF5CZLDSrtJorzUlI3faNpkXZHKCAoaN9oX5mDlkT58/YW/ZtuP2hvjGdZ1y2mk8JeFJTqWpM4H2e+vFcPZ6e7EMC0zKSAQArlGOQjY/rP8P6VY6NYW+mabbRWllaQxwW9vAmyKKJAAiIgOFCg4AFe1wzlFGpy4qrT51Ts43vq5La1tdI9bW6btP+fPpB+L+JwtTE8L5LiXTlOpVpYmdNpxjCjJKMtVeM3zTtHW6le9kmZ/gXwH4V8CaPa6N4Z0i00qwtYkjRbeJI2k2AgO5U434OCxOT1yOAO+wDwi4xkn9PU/1quIsEnPXOe/v6D+dWEIXjtj+XSvvWnZKMOWK+GMVZJbdFq7Lc/iOvWr4ipPEV61SvWm3KdSpOUnJu13q3ZJLRJ2SS3epJ93/d/wDQf6nJ/KvI/jf8KtH+NXwt8cfDHW222HjHw/qOjPKFJ8l7y1lgV2UMrMuXG5Qy5Axnnj16oXUD6Ht6Yx/WqjK65Xu00n/n/X/B5kk2k+p/nq/tXfsi/F39jv4u38mpR6jb6dJqP23wrr9l5sKTpDKZICJ4sASYUbWz8/QjJIP9cP8AwSn/AGlvHX7SH7NtlqXxDgdvE3g+8j8Pz60zHPiK1WNxZak0RLPHIYIFjkZnfzSA2dwcn71+Jvwc+Hnxb0iTRvHfhjR/ENg8ckb2+qWEF7GyyFSw2yrkcgEFSOeeta3gn4e+D/hnoVr4e8C+HtL8PaRaRxxRadpNnb2tuFiXam2OJEU7QOCwJGTzyTWMKdanUdmpRe920mr/ADtJfPQrkd+lu/8AwO/4eZ/OL/wU5/4Ki/tDfBv4zXnwZ+EtofCNp4fJz4jurVReav8AKvNnlfsv2UDgH6elfjh4s/4Kjftr63dE3fxd8R25gGSILu2hUb+W2CIkgZPAHbGK/tp+Nn7N/wCz98Yfs2ofGfwF4R1s2lvdPDqusWcS3FoVC7nE+FZ3CvwzFnAGFbGFH8/n7Qum/wDBKrwP8XPC/hTw94f8Mald3O/+1bvw1cQ3Wk220EjkLySOuM5JycdKWIvJRs3FrmTTutXa2vVabq+5PK/XzWqPxYl/4KD/ALW+o7mufi54yuN5+bbq+pnOSephO0ZP4ehr54+Kfxk8efFDVbfXfGOuXmq6zBYwWL3dw8hYxwu2BiUmRSd/IZmHHB5r+5bwr/wTM/Ye1bStM1mx+F+ia/p+o6faXVrexXMypOs0SSNKscAR487xwZHHQcHNdK3/AAS2/YefLH4K6QSe32m+I/Pzj6V51fDTrqK9py8rb2cr3t5q2wWfZ/cz+DP4f/FXxx4Hv5NQ8L+JNY0K7HlkzaVfTWjSEMxXzjFh22HldrKQxJyeMek3/wC0b8bdTLNd/E7xnPvySJtY1qRTnghgZyG79CP0xX7m/wDBXH9hP4P/AAF074e+PvhP4F/4RzwtPearpniy2065nNtHIYbEaVdATCbyJo5vtbJICRukwwOFr59/4Jb+Mv2Mh4m1z4fftD6JY3t5rN7Z/wBheJtc3my+2/MVDGMD7HngMfXoD0rlnhqtHlj7eTjJvRJpaW/vdb/gFmt9PU+v/wDghV4++Onibxh8Rl1++1rxF4MOjQte3urapqOoWdpfZP2K0tDfkfY2yb0fZLMf8uhwMHn+o6N2PDAKRxj6f/Wry74d/D/4feDfD9ppnw60bQNF0G3OLWPRbFbSJiyRv5n+ivArO6GMtKV3P8pY9K9OiQoQCSevXPof7xY/mT2r1sJFwVnLn5lHeK21833XURYpCcAn0paQsB1OK7mo2ei017bagVjcgEjA4+tOWUnvj04Bzjrzjt3r8AP25f8Agrhdfs7/ABxtfhN8PLTR9W/4R27I8c3l7agG8utoY2dmWHf7UCbocHAPWv2Z+CXxb0H47fC7wR8UvCrONI8S2QudmFJiuY5pLO7tZA0m9JbW4gcSoRJs3hDI7xyEY08RGUuRrleybd1J9tlZvp0e29kw9uoooroAKKKKACiiigAooooAKa/3T+H8xTqa2MEEgfqfyrmaumu6a+9WA/ki/bih1nSP2hviKmuG5Xz9Wmms455Hk8u38qeRFiLElYgkJKqOFd2IGMivkazuy/ODzjgkd8fWv3S/4Kh/s9HXL7Qfifo9oC8yjTtYeNCoE8WGMkm0MT5i4RnbAEckgBIyD+GGrWcuj6hLbOhULKQPQHIBU8AZXB69s1/N/G7xOCzVxdVxjL26VpWVouNr66X5k0n0aPDzCtKbpWThyuptJ635LPRLa2m+5K5BJY4PPUj/AOtX0d+zn8Ov+Ei8XQa3dwFtN0kx3MqsMxySq3+jQbSCrB5R5jgqVMcRjYYcE+BeHdJ1DxHq1ppOnxebcXLYUdhjHXABAOfXtzX6ufCXwXF4L8KafYGMLe3Ecd1fOFwzTOikRk/exEuFwSV3lmHJNfief5q6NOa5/aVK7nFNzS5YxS5mvi6SSumrNp9NPMqVHONpSXuqVtdtEur8j1pAEChAAqgKoAAAAGAABwABwABgUvSkUYAFLX548c7tcyerW7fX01OCTd3q931GsCVIHU9M8DrX46/tU3V3D47uYtxdJHYAZPOHJJxx0XIzmv2MK7vlHf8A/XX51ftc/CLV9cI13Q4M3NsDJNsUBmXhmGR/ewCOuOQM99cHVftvfblzOMl/267tLfdNvtprq9ZPhXwXqcek6ra3c4wpljJbJARkYPk57HOPw96/VTQf2l/h9o/hCzgvZgXQIpAcFg3TB28DPbPU5xX5Btpt/Cphk3CSIAODkYYHDH2+YHvxULPIQEd3YLxtZiQPoCSB+FfRc6rRStpFWWt7JrbbTZfqNNp/mu599/Er9sK5nE1l4OstiHciXUmVBwcBgSd3IIJ5wcZx0r4j8S+NPEPi27ku9d1We5aRy4g3ssKZJIAXgHHTp2rnkR5ARCpYk4wBgE+/SvZPBHwV8VeMShbR2RCwxuHUNjGc8AkckckcjHGaShGP2Vum7pa2G5N+S7f59zzHQ/D+q+Ir2Ox0a1a5uZuF2cYycA4xg5II7dCea/Xf9mzwFq3gzwxb/wBrQiG+ugpI6MoByQT1BAOMfz5qD4S/A7Q/h1ZW9xc20F5rbRIGkKK8doSOVjyCGk4xv4AA4yTkfSVtLiKJVTaB2A2gDkZAwMY9hx6emGZV6cqKh7KN+WdnGSuvdS2Ubu781sSbBzk565Ofr3pKRTuUH1pa+HqRu2rWabsv06fl9wBRRRXLKLvdb9f66Nf15gUUUVYBRRRQAUUUVpGV9Hv0ff8A4P5+u4FKuNykjOD/AJ5pKUdR9R/OtHom+wHnXxLsln8E66XI2hZOCTj/AFBxz6gfXmvxsmtQvikYbCjUrcAen71gfU8//qr9avjX4gOk+BNbOdodZcHpn90c9fTP/wBY1+JN94ulTWlnBILahbt1HQSklvpz+H8v0Xg/HfVpU3zNWabd+qfft9/42Ouk9b26J/d0/E/oe8O/tt+H/A/7NNt4bs7lrjxfD4cv9CtJxeQQ/ZJpLRYEuVhlKl5EjmlMQWdCsiK+TtwfwU82fxV43upr2VppLi7nv2ZiXMt1cSGR93UOQzKoJySoJ7c88dc1u/gW3LswLfdzkEt7cdRjn255r6F+CHwi8T65rcN9cWOFdk8t27KDkHt0AJwO+B9P1DMOMpTwKwk5J2hUUJ+3a5E4xTtDk3aS+0rNX1PQWKaUU4t8t7e9bt/d8v66/W3wm+CUNppTSz26KWXcSEAG5uSMHn6ZOffjjxz9pTwpa6LpYWOMAg9VBB4zx0HTqa/R/SrSew0sxCEKwyuBjORjIwOw6encZFfDn7VK50796nPJ+no35DOOc8nOa/Plm3tJNKo2+Z2vK7V3a9+mv+aD6w6jim2tetnvbrb+vuON/wCCfviU6J8dPBMYcqJ9QhiK56+dsPTjPzcex69K/rkiYNGjAYBRSB7Yr+Nn9iuRf+Givh0pbg6vHxyBxdJj8q/slhH7qMD+6ABX9XeFtdrJmnFT9pClq9Grc1t02/jemn3nsYO7Uuqko27N6rfbrr26nwr/AMFDPCVj4q/Zr8ci9t/tA0bTZ9ZiUDLK9ps3MMhgDsbb07nvwf49yfLZgvyjfjHckHC545PQV/b5+0f4L1Px/wDBz4heGdI2tf6v4V1nTrSNlyJLq6gzAMblP34dgHOWcdBmv5IvAH7L/wAUPFvxn0X4X3Xh67028nvTFqsc0NrGdLsxdHbeNKUKSJgE7ZldQDhCDzX1efZdUrTo1ISc7KXNHk5k7uFk7Se3K1qn6I/sbwE45y/hjhzPqGPxccLXq0MXChTupNcsI8vK3ay95SVkrtvrv/RF/wAEzPhPP4D/AGftCv8AV7RbfWvFqLruoMUCyKtyrCzj3cPhLAW0QVlBRkU471+mNvbiPBxjGP0x/P8AL8enJeCvDdr4X8O6To1nEkFvp1nbWsccahUVYRsRVVSRgbTwOgRegwB26nIBPv8AzNfT5PhVhcHThZJyjHm01uldruleVvO1z+ZeMs6q55xBjsfKpOft8TVqXbb92U0o66/ZjG+vr1LVFFFdh8+tl6IjZSpyP/1du/XNeefE/wCJXhD4T+DtU8ceO9bh0Dw5o8fm3uoTLuCA9FVQVJJwTyQAAc9gfR6/NX/gqT8D/Gnxz/Zi1vQ/A0kzatoNxJ4gewt/N87ULe1gIeJBFInmGPPmGErI0gztUbSQ1FSa29bX8y4fEv6/rt8z374G/te/Ar9oWW5tPhp420/WbuzG6a2aQW8rIWkRWgjnEcsrFon3IY42IIMfmgNt+ncbScde555/A1/nO/Ar4hfFH9n74oweKdD1S+0Lxp4UvQl9obF4E1FIJNsgv4yVBlIU5GP3nUYcEH+/74AfES6+K/wb+HnxDvII7a68W+GNJ1t7dXBCi/tIp0Ykksu8OThuRgg5INU4WV1fTdP9NP68mrGx/H//AMFJ/wDgob8Vvi38X/HPw70fUL7w38PfCesXfhlbG0uDaT6u2kXEsErztbhXeB5VLD94gk3SLIJVytcl+wP/AME8/ib+0/4rh8f69o+peHvhtpDrdN4g1B7m1F+zs3FlEhja4yUPmEzKUGwAOz7F/qGn/wCCZH7Jl98UdV+KesfDz7f4n1e8TVdx1PUDZm8Z3N2zWP8Ax44IwQDg4OR61+dn/BSr/gpb4Z/Z+0OP9mv9mmDTT4wZZNJ1288NT2hs/DsCBP8AiXW80NufM1ByCZZo5NpdWRSyR+a/jZjiPYul7nNf2i+Ll+Hk6crve/yA6L9v3/gpz8Pf2UPh7pnwG/ZovLPWPG1vZ/8ACOPqOmMkr+FLWxTypCHQANeEnLSEAwgnGDxXKf8ABG/9qD9pr4xeMvF/h3x3qN540+FtvbGaDxfq5luby21svcXL2sVyZhhZY5FRUZWCiLoeo/nM/Zg+CHjP9sP4/wBr4Mt9Ulk1nxVeGa91G78y4MVpbeZcXSxZkBjWcyLBGxLM05ZpGdmJr+9L9nz9n3wD+zP8MtG+G3ga2tNPtdNtoY5po4Y1nup1UCWaaQLveWR8s7sck8AYFclDEKtzXiocvLvK9738ltbz3A6b46fBTwV8evhh4m+HXjext7uy1vTrmCGaVAz2N4Y2+z3cBxlWRyobGcp/CWAr+Kr9tX/gnf8AEz9kDxTLr9vDdah4Wu7+ebS9esoJUtFiDiaGC5CvMIyisdknmAqOcuFZ1/qp/wCCjfx98f8A7O/7N2qeO/htq0GleLDrWm6baX1zbJdoLe5ZzdAQs6fOVVNjq4KYyPf8zf2PP+CmXhD9rfUNQ+Av7WGmeGLux17S3h0nU76whgtL++USRXMF7ELqTzY5PMgCOTC0TyLt3b229koKrCzav0ktbPv81uuv3Caumvn6Hg3/AARo/a/+Jdp8UYfgN401W/13QPFNmlpo8uo3z3y6ZcWzO1n9jv3Kuy2zOYDbODHFBeSooLtFJD/V+rdMHkDn+XfrXwV8G/8Agn7+zH8DPFg8b/D/AMISWniIPDdwyHVr65062nWSeQGHT7iWZIlDSOm2NkV1RSRwuPuiORzt3BQePuggduQCzfkSaKEKkHyykpRuuXV3Xfdeml9NTNwavs/zNNOh+v8AQVnanIYoJ5ASPLieTPoVRmz+laMZBXI6ZP8ASsPxC/l6XqcmcbNPunz6bbeVs/pXpzdoTfaMn9yZB/nd/t662/ib9qX4oatdlmV/FGuaf9m5I2rqD2Iy2DhR5Q4Ix36k4/sy/wCCSCBf2EPg0oUqoXxYFBBwAvjTxBtA9cYFfxCftI6//wAJF8ZvG+r43/afEeqzGQ8/NLcXE+ScfNzySckk5JyK/uP/AOCUyi1/YU+B6kAbrbxUx57t4w1sZzz2Of8AE14+Hq+0rW5eXlqxW973m/JW28wP0dopAcgHnn14NLXtAFFFFABRRRQAUUUUAI3Q/Q/yqozMCQDx26eg7mrbMFGWOB61+HX7Zn7fvifRda1rwB8M7z+xfsF4bK+1rNjei6AwT9iJBwoOQfUc815OYY+hl+HnXry5YpOyel7b6+V1p1+9qZK69NfuTPeP+Chv7Q/h3wl4Au/hzpctvqXirW38x1hmhlTSrWHKvcXC7HYM7yFUClcspQSZDhf5w9Wa51a6LyHdI5LLxkkdz1/DPr9K6aXXPFXinxDdavd6he+IdSvZTNc3d7PJPcTu+Bh3cnaoAUKi7Y0CgBTtDH7G+EHwXF3e2Hi3XrLy5gAyW4BWFDjGSuMFsAH8hnjFfyn4kcQ4fFYmc8MpVXF1VKTqctr8nLb3ZXVlLtdLY+ex7u00tbTVt9FZI3vgB8HYPDunQa/q1sp1K5jSSMSIC0CsAQqkjg+vGc8e4+t4YQoBIwMcD8MZP4f41Hb20UQEcahYo8KoUYHHQY7ADtV2v5+zLGSxMeqtzW99y5U0tNUnrZdlotDwKrd93vLq+6K9FFFfOOTu9Xu+vmUFUdS02z1e0ls72JZI5VKksoY4Ixg9MjHAOcgHjsKvUV62EqqMotvbu1daPXv387MD5d8W/syeFtZSSSwsoI523bJY18uWMnJO2WMpKgJA+XPJAJHArwq4/YzV7svPe3G09hLK469Du3DAx39vWv0YVin3SV+n+felZmY5Ykn3r2aWNVNS93m5rWfM1a1/7rvv5Pz7B8peCP2aPCPhxIpLizjuZ0xuluFRySOpwVPU+nfHSvoLTPD2kaQiJZWkUewADYioAOOMKoz0FdIVcnJ5P1H+NJsb0/Uf41nVx1Wd1F8ke0dH83u/k16AVxEpA3KML91cAAZ68DH49z3qdYV4OMY5HX/I/rUipjk9e3t/9en1xTlKSd23o923qwCiiivPmk2/V2fzAKKKK5pU2+jT9P6uAUUUVjZ9n9zAKKKKQBRRRQAUqoZDt5wepHakrkfG/iuPwhoF3qL4DbcIflBBXJyN3rnHH/1q7cLRliLq7XK4q6i5X5r6brVW873XzD5L/a18W20Oh/8ACNQyhppGYuA3JJG7ke3QZH1Hevzi8NfDu78X69aW1lAZXV0LALnkMDzx1PzHnrk817B8R/GFx451271SaQtEhkKqxOB1A9emOv5ete1fs1WFnp11N4hvog0SEhS6/dxkE5/HPBHJJr7jKsE6MYvW/Kn8DWvXppr3f3m9OVkmumj/AK+5nrfgf9l7QYIIJ9VtN5Xy2yVPJ68jH6dRivqrR/CWmeGUt4dHg8vYFy2AGHGOSev+H68Tqnxl8O6RblS3XHAAGMYI9ceuOPYAV5T4g/aL0pE3wTmPbz8p5yRz2GOvvznnnnPMY1HaP7xXk7W5tNY7fqbKae+nzPrwSchZHxk5YZIBzg+h9u3HtXwB+2Bf2ltaoA+TgcZxyQOx+h6ZPBrntZ/abljEosTdXROesyqAeR0J+6CT07gdc4r5E8feNdS8aXU1zftIyOWyruW4z0wcn0zgkdcciuvKMmxmLrqFGFSUW4uUvZytF7pJX969mnZ3Vlo7lrX4dWtlH/gbanpf7GUrN+0V8OCGI3arG3/fV3GR/nr61/aLGMRqPQDrX89//BKz9kK4l1W4+N3jO0D2Ft5cXheGWPaskoXKyoHZ1dELB2OwE4UEjcM/0NL0GBgdAPTHFf2f4dZNXwWS01iJckpQp8sXB3ta7dubbZH0eAcvYQjKNpRV731fO7papNcqS7/FpsyuRnPAOfXv9eDXGw+C/DKa/J4qOiacPEr6emmtrEdnDHdNCkhcZkC+Y3bAMhK/MFIDV3dQCMjOB168j/Gv0H2abV7O1t1fb1fkespSW0mr72bVx6L0Y+nA7D/E/wAu1SUUV2K6SSeiVuy2tscz1d3q+71f3liiiigApGUMCCAcgjkA8Hr1BHPfjmlooA/Pf4rf8Ex/2TPi18SbH4sa/wCAorPxfaTPcXF1pbrbW+ozSMS0l1bhPL3MxJYIFjySVjUli33Bp2mWOi2dtp9hbxWtnaRR21ra28awxRxRKI44440ASOKNFAVVAVQAAOK/M7/gqF+3dq/7Hnw50ebwPBaXnjbxDdtBZpdRJdR28fyAO9u2wkfeZjvGUwODXmf/AASr/bw8bfta6P4z8NfEaGx/4SbwWLBra6soPs32u2uBeCScL5ku+JhaqqkknKFgwD7aqXM4aSXn38rtfrs3320jLo36f5H62eMo9ZuvB3ieDw/NFba7JoOqRaVNMjSxRXctrIqP5aPGzMMDYFcYcg+1fwHfHT9hP9tbRPHHjDxB4q+FfjjVp31i9n1LxFYW8mqWF7C8ryJcZjBIMoZmMXmMsYwvJG5v9AxQxzjJODnHoeD371538UPiP8PvhP4N1Txx8Tda03w/4S0dBJqGpamqPbwq2cZRwQc456dq8jGYVYlQbqKn7NTesebm5uX+9G1uXz3ND/OM0vV/iN8CvGcN7bT634H8aaHPbXasoudOubZfMMpWWJo4XzMVIKhxEo8xWMyuyj6s0Lxj+298TNObxb4Z174vaxpUm7ztT0jXdXggjCsfurHcurLuJwECdM4pP21fjXdftS/tUeI9R8GeHbWPT9X1GTT9KsoEjOdPKkZBA6g4PXIPOOK/qb8B6rN+wL/wTe8La7qvhuwuvFGgeH7e5v8ATr5Au7xfqBKN/aTAkFvMRt4JAUYzyTXhypTpVNLyUWm2k1on1te33s569f2PL7vNzczfvWsly+Tve/l/l/MJb/snf8FAvjfaRW2raJ8R9e02Zw+n3Hia8vLwAMR87vrmoeUOT95jtU8nFbnxY/4JfftkfBfw7F4mvPBUmr2hh864TRt+o3ltGsSSySTWmni9KqpcAlC24g4HGD/Tl/wT1/4KN6L+1vc6n4N8S6ZpHhT4oaeqagdNt2x9vsCASdOW9A+YKOAM8nOCcY/Rn4m/E/wH8KvDGp+K/iBrdpoGiacuZbu+uDAZm/ijE+JD8mAdoG1AQFGDivWoVU4x0bb5YvXZqybbt5/52uKNe6u0tdkrq3e7s7/JfmfJ/wDwTf1X40XH7KHw4tPjzYX9t43sYbyxil1eCaHWbnQbZ4oNHn1SWaSR7y7METRtd7ITMkaFog24n9AAQFBAHAx6d8eleAfA349/CX4/6LeeIfhb4htdesdPuzZ3rQzmZoJlyF3En5gWDLnauCPeveyDjIGR9QO+K9BU0lGXNe9na22ztuXGrzX93t1vv8i4nQ/X+grE8QRmTTNSTGfMsLpOnB3W8i/lzzWzF0/Bf5GquoxmW3lQDO+GROmfvKRz+ddVRNxlHq4Wv5uFtiT/ADTvF/hzWNZ+I/iW3KkmbXbsA7ckbpWj4PUfeOcdc4Oa/v7/AGFfBE3w+/ZV+CnhadQr2/hDTryRAhQCbVHm1K4cKenmTXDuev3uea/nM1v/AIJUftNXnxqk04aAh8OyeI4Zz4kEifY/7J81nN5nb9rz9lBuvsn2PIKnPfP9YngTw8vhbwn4V8NJ9zRtA0mwUc4UW9pKhX22lQMe1eVh8PKlWd7vmnzbW+G7tu9m/LqB3S/dH+enFOpqDCKPQY/WnV6wBRRRQAUUUUAFFFFAFK7z9lbGc+341/ND+0v+zkvg34i+IRfuGsZ9Tm1CxcrwbNt3Q7cZG4HGc89+K/piIBGCAQeoPQ18Fftw/ADWfit8PLnVfBaf8VdoAmu4LWFG+0araqhL2vmI2PkwcAxsSGBBBQh/i+McHiMblNWlhleqoVJK177R2svv2012QnqmlvZ2PxP+GI+FPhnXY7bU1U3mVYZ5GSQecZAIyCeTX23p99pl5Cp0sBLVgGiUDCbSMr8o4zt68cd8Gvxq8WaH4n8FaxdWniaz1nRtVjuHiMmowTW0cjqRiL94GUYyChVmR9y4YNuVfXfhr8ddb8KXEOnahcyT6VuGZ5C0sLAnPyc74jnBJRgDgAgqMH+MeJMnzijXrKtGUo3leKjJSXvXfVtu+i2X5HzWLo1OeTk73btpZJXulFN7W879Xq7v9RypU/3GHHfYfYg9/wDD3pQ46N8p9+h9wf8APb1rzTwZ8StE8UWcEkFzE/mLkDeu4c4IBJJYA56+5r0xU8xd0eJU/lz2Pbt/QmvgK9BxUo1ISjKKetrSvbZ3Wv563TtY82pST0mrdmlbzV9r/g7dbaENFBGCQeo4NFfNTTUpJ9G99OpzhRRRTg3zR1fxLr5gFFFFe3H4Iv8Aur8gCij+gyfpTd6E43DOcY96d09mn8wHUUUUwCiiiue67gFFFFKy7L7kAUUUUpJWei2fRdgCikJA6nFLXltNt2Ter2V+oBRTS6gElgAvUngD8T9K868Y/FPwp4JtpLjUtRtlkjBKxGVcswzgYBzyePr61vRwtSrJKzim0tm5O76RWv3rXpcLN7Js67xBrth4Z06fU9TmSCCBGcb2ClyoztXJHXuc8V+Wvxw+NGrePtTuNO0u5kttEtnlQsjsiygFhtGCAQeAzEZbp064Xx0/aO1v4hX8+n6ZMYtIgYoSjbA6A4AG0dCAc4zznNeu/sl/sa/ET9pX7c0Wp/8ACJeGbeKOe+1q4ZvMmhmllXdCqlHdhsYgKQcNuYqMkfq/CfBWMx0qfsaPtPaKEmnC7p3TcJTV2pzn73u3SpKK0c3y0+mhhpV3LVxUbfZbve+m610PilnukjIRl2sMLndlgD36569fevQ9B8calpemfYIZZIRtXIjdoxnA6hME/XHfmv3h8Lf8EjPhDpQjOo+OfGGuzgAvdRWtmkMpB5z51nfMEPPP23g4r2XRP+CYP7P+lYMg8QXy5BImmgjDc8gmGFDz3Ix9Rjn9fwnhXm1m3JLm5bp0vh/8q2+15beTt2LLJvZz/wDANPvvb+vJn80F/wCIvEuoyHZf3LDPATzSwHGMbSx4/D/CqPDHiLXgLK1TWL28vuPkEi9SOBuwM46dM9Pcf1faL+wF+zdowUr4HFyRgZuNQvznHGSq3YGSfp+Feu+G/wBmb4KeFJVm0f4e6FDIuMST2q3kg29PnuJJXPPqT/OvXw/hHVqyX1pxlZppezsoq65tFJ33XXRJ6alxyqTt70lru1bqvV9enZn8wHwf/wCCfnxs+JOpW0VnoWq6bpMrK0mq65C8duinBYtHHdAEYBOFDBsHBBxn9iPgN/wSt+G3gS7s9b+IN1J4w1OPZI1kQqaQkg2sV+zgbXMbgbWl3P15OTX6129tHBHHFGixwwoscMKLtSNFGFVVHAVRgKOgAq12I7HrX6tkXAWUZRSg1Sp1avLC8qlKLs4rRpXtfV2bu7b72Xr4TL6VBNyXPKXK/eWzW/XVtmJ4c8L6H4W0y20nQdNtdL0+1jEUFvaRJEiovAGFUZ+p5zXRgAdKKK+3o0adCChTiopJLRJbdktEuyWnz1PQSS2SXorBSYHoPyFLRWowooooAKKKKACopGHy89c4/wDHf8R+dSEkAkDJ9P8AOf5V5f8AE7xfb/DfwB4p8YakZbhPDuh6lqo8tvLbbZ2cBbH31LM6M65DAbmGD1oA/kd/4LifGS38YftEx+EbG4DWXgKyhstQgV9yHUJFeTeCAVU+WACOSOMkDFfav/BBH4b6lZ+Hfin8WLqBoLC7ksvDGmM4IM80EdxJclTkK/lC4iPTKh3GeTX85/7SXxA1r4wfGDxr4y1GeW6l8T+JtQ1GFiGZzZRXr2EEfdmGyPamRliwx1Gf6+v2HfAHj79m3/gmzFq/h22GpeN9a8OXnj7TLQqqO82p2qz2/mKRlXS3ZUYP86lPmAPFZ0b8tRu9pSSV/K7b16ajjuvVHpH7bX/BTP4J/sj6bc6NHqDeOPiQJjFL4L0G4sob2whC83Wo3l6z29nEsjxRsvlyznzfkikkXyj/ACJ/tZ/t6/HP9rTX7mXxf4gmtfByXUkmk+CtJuJ7bRLWIhlSR7IOJNXvNrPuur4yBQ/lRRrFHEF2dA/Zw+Ov7Tvxt1XTdG0TWr7xnq92639/eKLW0sgwbi8LZA7nPPJzX6/fFH/gkD8Jv2ef2O/iT8TPiN4i1HU/ipp/haDVLH7FfCLS/wC2rN1mTS/sjQNJqH2lDKiRpJD5T72aSRdqDzsXKacEoyfxXtf+72RufD3/AARu+Ffhbx7+1ToeseK4IdQl8MaRea5aR3Vqu7+0WubaDT3Idpebe7eG5CMChmghcgmNcf1e/tgfBmH46fsyfE34fLEJdQ1XQ9W1DR4wPmbVIZJ7uzKAcmRh8kZwTuKgda/hw/Yy/a+1/wDZC+Kdx8QdF8OjxTfxWuoaXFplxcNaRiOWdZIJi4sdQ5heJD5ZgIfoHQc1/UN/wTv/AOCp/ir9sP4q3/wv8ZfDay8OyLoL6nZXukw3JFkYXdcanNO4ilivgUSAx2duY2SU/OWATkw0VOVbnSd+Re8t273ts+mtjgxFNzlpfRSWzau2n0fl/Wx/K38OPG3xC/ZH+N2nazpLXvhvxX8Pby+0+60m93w+bHDcfv7eRSBujngDSRhgrAlg2wgAfd37e/8AwUe8VftkeFPBPgseHv8AhFvD+lFtR1JRKWOo6g3B43dASPX07V+iX/BZn/gnFrfif+0v2n/g9pKahqtuVbxv4Z0+0ZLmbd5jnWoTGzotsgEkupsIZCrySzYZZSi/y8ve6p4dv/Lnj/fRnZJFjdslQ7XULjqrbgABxz71z1JywlVe7zQnLRt8vK20mm7O/wAWm11bfVvmhKUbxf2X9/T9N/6f9a//AAQU+FPjLwv8MviH8Qdatr2w8NeMbvSrXw3b3kkrpdfYpLiW7vLUNiPykLJCWVeXYqTxz/QrtBToOhPT0Nfid/wTd/4KXfAr4t+APhv8Gbq7bwl8RfD2k2fhX/hHta+yaVDPLpkK7TppEUMcpuFlVvIbE5f5SzzOUX9syQRjIBOR1yPzGR/jXq4S7g5u9p8tr+Sbfyu7dNjupLVPu1+G4kOFPsMD9CKfNIgHODkZ647j05/MVEpwGI9v61mXs5XB+YjBOAeTg+5AHrivVa6/4V/5KmUX8KTuwCTxnHOMYxnr04+nHSnKPmX1GAPoAcD6ckfjX5n/AAf/AOCpn7OXxj+MWr/Bnw5dX0Gq2WrjRtE129liGleJLoxRvvtYkiN7aR73MeZ4GBIBQvkhf03rGp0+f6ATqMKPpn8+aWiitACiiigAooooAKKKKACmlFPVQev69adRXM0no0muzSf5gfNnxy/Za+FXx10i5tfEmgWlrq7o32XxBp0UVrq1pKQAJYbny5EVxgFneGRjgYKt81fzt/tG/sMfFz4H397e6dok3i7wi00jQ6lpQiESwb8RtewNIo0+YjCtgtbM2SvkqrMf6tm6H6GqboWzwMHHXp27ZB/Wvls74RyvOYS5qNHD1pJqVWNFS5r7XipwV97tau+tzlxOGWIUfe5HHm15bt3t1unpbz3P4irHxj4p8Fagw0u5vLKWB8zaXeo8JDqzBfscsm07SysVkiwsgGRuUg19X/D/APan1KCxiXXgYnUBP3wUOSMDgkrHOuB97KPg7nZycH91PjZ+wH8Evi3Pfau2jHwr4nvd7vrWhQK1rczEfu3vNMlYqjKSVeaCTe0XloGVYwq/i/8AG7/gnf8AGz4Yaje32kWKeMvCMe6WG80S0kvrryAWY/8AEuVhcJLGuwTYZAG4DMCa/BuKvCirh/aVKdGFWlq4VqKVpLzjpOMlpeLVrtqMpLV+XLAVYy5ZJTh0la/nvdNPTVNNdrrU9u8KfHDwt4qhj3XUNvcMAN6NtDHgfPFgFc+uBnOQW6165bXkVyiyRSJMjAESRMGU59QOR1HXH1NfiZ4n8JePPAd6bfXNF17w47NmODU7O5siwHOQsqJkYOQFdyoHOByes8F/tFeLvCLw2Cyy3VrGVBiLvKqgcD59wlQcHCrIE7FSBgfhmb8FYvDzkvYTdr2ag1Jersr213utzgrYJq7X+T2v19OqfkfsmSFOCccZ/A0vUZwceuOK+D/C/wC13ZzbItWihjkGA28Ahe+OqEEYxku2ffFe4aF+0P4L1lo1a7jt3cgZSeMrzx9x2GBnjAbPpXx9bI8ZQbcoz9163pyWi805a99DilQnHp1ttp+Fz38kDqab5i5wDk54xjr9M5/SuetfF/h29jVo9RhJboWZCfp16f19ua0Y73TZyGhu4Hwc4EnX3wDjnPGB+A6UnCaTTjJNJrZq1lZu/l3MXpvp66fmR6rfPZ6TqVxE+2aKJimQPvbc8dR17/kK/K7xp8d/iHpHjyaG3uSLa0mbA6/KGwMA4zn09DX6kalpj6rousNE2GRHC8g5AB5HzexwR0Gfx/Dv4twarZeP/EaSSt5cDuVHBBwc9cH0xnn26YrbA4WVSTTu235vdvd9OttfkB+xfwe+I1v8RfCltqW+MX1vHFDeopxiXaVLFTzyyNknrxnnJPrNfml+xx4sEV5d6O8p8vU7NJo1JI+dohKuRnqvzgjBIJwa/Stfur/uj+Vb4ih7HTm5rqXS1rJeb7+QDqKKzdXulsNPuL1jhLcAtjg4bPQ9ARjuDXnUYSq4qFKMnH2kpJ6cy0a+zda673VvvuHnXir4ueEvC92LHVb02svmNHvwGAYYyCvB7+/T3ruNI1+z1e0gu7OaK4guI1khmjbekkbAEHIyAwB+ZScg5r8Wvjv43uPEnjS+lTOy3nMlrg52h40YZZTxwevrX3n+yx46s5vB7Wmsaha24sUjZBd3Y3BMAMByCNrDgDp6DjPt/wBjYno7ro+V6/iB9og5APqM0Dnkcj1HNeZap8YPh7pSsZfEenFkLZUXVuF46AMZdx9CNgPTucD518U/tl+AtHLrBdW14y7gnkSzDcQePmjRlGeBzx1JrKrkuLaUYtq97tQb0VtPiVr/AJXE2lu0vVpfmfZtwxXBHYZP4H8a4TxZ8S/Dfg+1juNYvLe2jZ2jZp7gQ4MYUsEHlOZWG4fKMHpzg1+YvjP9t7xPrpm0/wAJ2n2FW3KkkaAuVPH+uk+zl8jHTJxg9ea+Z9e8a+MPFEry6/q11skO4xTzy3eWLZK4mZAu7pne4HXDdD34HhXE4pyUJtOPIpXpSk/e5kvtK17a/jtqJp7NP0d/yP0B+Iv7ammWfn2nhSBrqQFkW4zshVhkcyE7mPOQA6BgOUNfB3i/x74v+I+rSalqepzNA7EraxSMlugJwBtBzIcAAk8Z7tkmvQPgt+zB8UfjdrUeneBfDN1qRuAklxfyME06xiLOsdxfTAFbaKU+YEOGBKMo6c/0Yfsl/wDBM/4WfBbTtO8TeOobXxz4+VY5xJdQrJomh3HH7vTrV8rPKn3ftMwY5ZwgA2Efs3CvhFiMRTjXnK07U5TdfD86p6Sa5I+1gtdVs2rK71R6eDocym27X5bXj5Sbs20fm3+xn/wTZ1n4my6P48+KlpcaL4WiaO6tLC5idLjUnLBgFHmJ59pKgQuCiK6lXWXPlyV/SL4J8DeGfAOg2Xh3wrpVvpem2kMcaRQRpE0nlrtV5SgUMwGcAAKuTtUZOegtLOGzgjt7SCOCCFFSOOJFijRFGFVEUKqqBwAoAAwBWqowAK/pXhvhfBZRhY06dOCrJR56ns1dtp3te1n5py3tfRt+/gqMIKdorXl+za3xd9739O3W8iIOOOOw/wA9v89OshUHqPalor7CnCNOKjHpu+77+XpsjvG7F9P5/wCNJ5af3RT6KsAAA4FFFFABRRRQAUUUUAFFFFABRRRQAVznivw9YeKdB1LRNSgS4tNQtJ7WaKRFdWjmjKONrKwPBBHHBAI5AI6OigD+ZbUf+CEq6j8ZItWg8aRw/DKPXbbUP7GECi8SyBZjZFtoPBB+bjgHnGTX9Gvhvw5Z+FND0Xwpo8SQ6RoelwaTaW5jHlLa2YeCNfL5UBkQZX5gAcDIAz1lJtG7d3xj8Cc/zo2Vlor3076f5FRaTbfZ29TFt9J06xuJ7my02wtLq4CpcXNpaw2806oWKrLJGquyqWYhSSAWOOpr8wf+CvXw/wDib8Q/2SNZ0f4ZaHqOv6jDrMN1qun6SGkv5NLNhfQMYoUIMgWaaN2+b5SijBLAr+rGB6D8qXAHQAVMoxktUno1qk7febH8MH7LX/BIb9pX496la3vi3w9ffDvwVeGNz4i8UWv2XUnjOGkYaZM0O6VRnaodiScYycH+tf8AZI/Yo+EH7IvhC10HwJolq2vyQQ/2/wCLZ4Y5NZ1y6VMPLNdFfMSAyb2SFdqgNjao4P2RR0ri+o6tqra/aFvT7fQVk90n8iG4toLqGSC4ijmhlRo5IpVDxyRuMMjowKsrDgqQR+PNfj1+03/wR6/Zr+PGrXniDwzpdx8M/Fdy8tzdXmgtJJpGoXchYq0umXDy2ttEAQHjto4WO0ZmJJJ/Yum7FyTgZPU/Wq+pxlHlqSjUS2cqauvS8nr5mNTDwm7/AAvul/wV/Wm2382Hwh/4IYa94F+Kmh+Lrv43wR6P4Z1nStas4dA0e50/VJpdPvork2815Fq0qrHJFC0BYW5B84v5eEKN/SFh8bcY6DGTj8Dx2BOcD3q9gZB7jOPx60bR1x710U6MKajGOkY9PL53+ZcafLbW9vK17f8AB1ZXBz6/ipH8wK5bxl4Yi8YeF/EXhWeaW3h8R6BrGiNdQM8U9odUsZbEXcMkbB1kgSeRk2kNuIKspANdiMdB6kd+vU0H9ccdf6c9hXQp2VktvP8AyS/4I3BPrbvpp+eh/OZ+zJ/wSN8b/DT9o2y8deOLywl8I+Dr59W0ibT7tjq2r3Rvr17RmY/2t9k+yFs/8vfHU9z/AEcIvc/h/j/h/nNAld2OvTA/f5P/ALL/AJ9atRuOoOcHB69e455yPfpWbV2n2uJwsrp+vn6f5Fmim7lJ2559KdTMwooooAKKKKACiiigAooooAKTA9B+VLRQAm0AEY4PBoPQ9+On/wCqlopOKkrNJ+qTt6XA8M+K/wACvhf8YdOTRfiB4Us9XWRZBFcpLeW+pW2QSz29zaK0jFc5JkYqDjIIyK/Kr4l/8EefC11PqOp/DD4h6jpURDzWmh+INPttQVJCzO0K39l9hl2fcCiSLeAOWJr9yKTA64GfXFfO47hbKMwUvrGGpzlK95yp03Jt9W4xhJv1kzGrQhVtdJWvstXe3VNPp/wx/JH8Vf8AgnX+018N7W51q20Cy8T6NBvKyadJG6FEzuZ4I1XVIyBkjbNIMcgMeD8LXXhP4haPcSPqeg+IdFmibY8FtBJdQKxypIeT7OIwD97fNKygEYZhg/3hNDG4IZAQQQQScEHgg88gjgg9uK43VfAXgvXEkTVvC+hX6ygh/tWmWczMD1yzws2T7GvhMz8Jspxbk6DVJtfyqaXkoys9PKV7ab6nHPAJ/DLfdPVeejVrfO+vqfw1w+O/iFprDTLPUdUtgpP+viugV5PRoPMTjrknHJro7H42fFDQ8A61JNsOCGlIz2wPNKtk9f8AJr+uDxr+wn+zJ46mFzq3w00WC7DySG50+2htpWaTGcgxumBg4AUYya+bvFf/AASf/Z71oSto9xrWgO2Si2ssmxSegxFPbqQPQxkcdK+EzHwYdO3sFh6yk3o4ezenLZvSS77eer0OHEZVKpaziuVSu1DVp22acUmrdnvvofz+aT+1p48sLQLdGSUZw7nc2ORlsqT26k9cV8++KfFlz4s1m91WUlWuixcE5YFuAG4ByOgznHTA61/RBqf/AARr+HMlq/8AZ3j/AMQrdnOzzlYrkk4HzO4xyB2GM84r8TP2iPgRN8B/iPrfgie6XUV0+UJDeYSOWTJdgjxKoIZFAJY8sTyPX5POPDefDmCq4ytSgudLlUVf4E+Zp6pcrmtLLmv1sjysTgKuGUZRXOpXum3GyjZ31uur+7fUm/Zm1f7F4v0ZA2P37Wx5IwFmaFf/ABwg44r9m7ZxJBE4OQVHT8h3Pavw8/Z0R28Z6UME41RwR6f6SOK/b2wO2zgDcHYOxr8Vzagqc4tNy55TduW1k7XVrvy0vp5nJ66PquxeHBB9CK+e/wBo3xtF4T8FXECXAiuLyKQHa21sOjgleQSY4FkkXjiUIM8g19Bp87BV5Y9BX5eftn3us3eqadpUErhQ10NuTggngH2WOJ19MOv4+VlapxxinVi2ot8t9LNvfbpYD4RkmuLu9v7qTLvLcsybsuAC/AXPQLkYwQNoGD2q9Dqmt2aMlrdPbK3BW3/chhnv5bpu9TkfWs+30PWrZQZAQhPJIYg89/fPcn6V93fsOeAfAHxM+MGl+DfHtit1BqKQrbBpRErTB38wNlTk4KDqOnrX6TlGDqZriIUaOl5RvK3Nu39m8bpJNuzdlbTVDjFyaST1aWivuz4d+weINdcANqFyXIAVFmcMScYG1XBzx6fX09r+Gn7IXxv+Juo/ZvDXgPUboPHHKtzc2MzRvHIW2uCbM4+7nJYgj6V/Xz4D/Z1+D3gKCJPDng7QbaW3QKZDbwTTjaCqlyQ7AnHHyg5HTjNez21nb2qLHbW0Fui42xwxJGo9QAARz/uDjIr+h8o8KsN7NSxkZTlKNJpNQgoOKblZvnvzXXa3Lre+nuYbI4YiMpVZt8sYyilFq3Mm3qppO6S/y1P5uvhP/wAEfPiTqs1re/EbxJpvhyyZQTaaTALy4RjnKvmONVIOAU8sEEHnpX6q/DL/AIJvfs8+BYbS4v8Aw4fFeqW6RKbvXpI7u3ZYgCgW0aFVQh9z8gHkA5Civ0DEbdx6Z49P944/IA/SrI4/z/hX3eA4JyfLeWUcJTnOyScoqaTjbW3Kkn9+7R10cswtBv8Ad8zT+076rra34Xa/XkfD/gzw34VsodO0PR7DTLOCNY4rextYbaFUQbUCxxKgwo4GeQK6hYlUABQPmBwOn6H0z75qaivq8FQo0YzjCEYp8mkVGK05ktFGx2+zgklGMYJfypL7+/6dOt5BEmAdvOO5P8s1JRRXdZLZWLslsrBRRRQdAUUUUAFFFFABRRRQAUUUUAFFFFABRRRQAUUUUAFBAPBoooAKKKKACiiigAoJA5NFNf7p/D+YoAU9R9f6GqLyAtMo/Q88dx6f0P0q6pOwE9cHP4VhCTE04YgZb+I4zz7/ANOxA9DQBSuNZSOK0+yRefu1Q2EoMuJI5Y+Zt2QQQBnIHYdutSXWvQRy2f2VTcNd3htmbf8Au4404lJBPLbuBgDk4yQech9PuIfszIizS3PiC51Mr5QEcSyoQdpzk8EkZOCf1nexMJtUQLNGrXT5MIWWN5WJIUfUjBOeOaALP9ubrm7VNN1Jha90tvlbgcA/acHt0Ax6HHFQeJMhVOl6q1xgXH2a3gLZX7Rs5ye/f174q19mubu5u2ntSVvDalSAF8gWo4PuT6HJBOOarXFpciAbba5N1nbaMvJtgDxyD04Bxk/XpQawba16dToNxjlFwxYJIq7kY/cyAcEZwCvoPQg9K0QcgEdxn86yb4xGCG2ckvcSRqRklieNxbnIOcZ565rVUBVVR0UAD6AYoJn00tuteyt8/vLNFFFBAUUUUAFFFFABRRRQAUUUUAFFFFABRRRQAUUUUABAPBpu1f7q/kP8KdRSaT3SfqBXyfWv5XP+CqWjnSP2i9Rv1iby9StYLoMPuuzjkcjDHBPrxnng1/VUWABPocfj1/lX4Af8FlPhzqs118PfHlnAG0tLV9GvZkQM1u39rBlZyASozq9w2TxkdeAR8L4gZdLG8OYuFPWdOLkrK7UbWlZLXdRejWx5+Y0nUopreLa/8CVv0/zPy5/ZX0RZfG9s7R5VW8/OD8pZi44Hc8fU9ff9brlJFChQyj0Xgd+wr8PPAfxDv/h9PBrFmC8mVV1D7D+7PPVWHOcYIA7Z5r7K8KftvW0Yii1aPyCcBmdBjDDH30yW5yfmUDpxiv4rzLK6zqzi3rTUotOnLSzau9W76drHyMlaUl5v8z75tGZbhfMZgBsJyx4GPrXJar4K8LeKbmV9St4Z386QEyxJIc72B5ZSevvnPfrXB+Gv2j/hn4kRHub5LC5lA3zzzJFAxAyAvyhs5PzMATgjGa4vxV+0Z4E8LzXH9n51N/PRFitb8SuZZi7ZO21kCKxBwG4A/i4NeBDLakpScW1KMlp7Jq7bel76art8tLEnj/7VHhrRfB3h+3/sfR1UKSoZINuBnHZcgkdjjtivn39kldT1X4+fDtdMkls5Rq9kPMieRW82fUtOjiDFNhCqXYyJuywYcir/AMYP2hpPH8EmnpYMFJITLhio7bWIOSBjkZwccda/RX/glh+y34h1DxZb/HXxXpiWnheyjuE8Pw3lsfM1G7RGiF7hyuQDciRGVCBJbxScFPm/a/Dzh7GVcbgaysqat7RKN+Xm0g5Wl717Sauk1ta7Z6eAoKpzNySd4WTjfX3na91Y/oUs4AqB2GWJzn0J59e3HHbtWioyeegpijAAHbirCjAA7/1/zxX9gU1ywhHtGK/A+pivYUIQWspWu10va762009bssbVHYfjz/Olooqmk90n6lx2XovyGMueR1/n/hT6KKSio3tfXuTOLdrdAopCwBwT+hpN6+v6H/CqLHUUUUAFFFFABRRRQAUUUUAFFFFABRRRQAUUUUAFFFFABRkeoorCublueuf9J6E9Pst0QOMdfs2R+YoA3Mj1H5ilrLF5b4BLMOM/xfj37d/SsNLm4bG02t3/AKSOftVtn/ScfZbm1ObvP2oD7ULUdvUUAdeCCMg5FL/SsO1vLx7QXL2+CcZBKtgZ5OGFoOM9do9Bis/+1Ln1IJugMFIen+i4B/03HG49fU0AdZ/SjrXPpdl7S0uWYg3QUkf6UCM2xIOLXJGdpOce65PIwotRvCep6dfsniLr9kzaAfbLT7L/AMfeCQ3GOgJBoA7iTOAB0yM9RwPQ8fpWZf2HnurxkKwHqcE9Oeef8/jpeapDDOSEzx3yPTH8s/yFZ8M7SF+uUbGM+hYc5x/dPfoDQBhStrsOFUWZCZC5aTPGBnvgnuR1/GiKTXX522OR05k465wQM847V08N3FKCAGyM5ztI4Jznnt/nmia8ihHIPoMbQOx6k46EH8R60Ac+G8RA8RWOemd1yCfyal8zxGf+Wdl9d91x78vitf8AtBD/ABY/4HB/Vs0DUEJA39f9uD/4qgCpptlPGZLm9VDcseq5IA9RzznI7cVr1kXFzcw3AU5IYHAPobi2BwB32kjp0yOma1xyAfWgbbaTbvuvut/mWKKKKBBRRRQAUUUUAFFFFABRRRQAUUUUAFFFFABRRRQAUUUUAMdNw64PrXF+MPA3hvx1o174d8WaNp+vaNqETQ3VhqdvHcwOjDG4LIrFZFOHjkQh43VXRg6hh2m9fcf59s0/rUzhGpFwnGM4yVnGSTi12aejQmk1ZpNdmrr7mfjf8T/+CQ/wo8SC8uvAGt3Hg+6YSSJYSBrjTXdiWZRjEsQLBVRRlVDHOa/Lf4q/8Exf2i/A2oXSaJ4fPi7Tojvgm01PPR4QxAYPEryK+1dxVo8rwCTnj+slup+p/nSV8bm/BGQ5nKUpYOjh6k0/aVKVKKlPe17OKTWt3q3fV6HFWy/DVtXBRf8AdVtflbz69T+Lk/sm/tEaZdfZLr4V+K4QACwi0q5I6D/piCcZ4OD64GeNa0/ZP+P1/qOnaTb/AA38TzT6hIyRwzaXqUaR7QuSxNmsTZ3dBJxiv7MI4u7j6D+px/KnbW9P5V4EPCjI4qT9rP3uXejDTlv/AH+t+lvzOd5Phu8l/Xqfgf8Asyf8EqbxdV0fxh8cJrSO2tQlyvg6wKzXDkjeq3moJlbEkMCyAySlg8ZWNjkfub4a8M6R4V0iw0PRLC307TNNt4razs7aNI4o44lCKAqADOB7knk810ZRiCMcHqMj/GpQABgcAV9nkvDWWZHTUMJSXMkk6kl70ml8T1a015Ul7vM93ZrvoYajQS5IJtX1fVvq11t07XfXURVx9f5f/X/z9Z1XHJ6/y/z/AJ9xVxyev8v8/wCfd9fQG71319QooooAKKKKAAADgUUUUAFFFFABRRRQAUUUUAFFFFABRRRQAUUUUAFFFFABRRRQBBJ/FgZ4PHrx0rmbtfs6AAZIFwRxc8/8Su9tra25Bzk5Oeuec7sV1tV2AJOQD82eQDyMgH6gEgH3NAGTPakqGC4JCHjPcD7T1GfYE896xAtzan/SBdH7Tdj/AEpbW1tftJFzhcWtrjkLjadUxgdK7E89eevX36/n39anKqeCAQOgIBx+dAHP2isbWO0O4AxAbit0rA5H/AQ3fjIB6ZFRR2hxn7Te/wCjC7OBdNjkDhRjOOuB1HvzXSBVByBg4x+HpSeXHz8ic5z8q856545z3z1oA51bEXMSRnIVPsgGTwBa56DGMk4Jx1/DNYv9jWv2wKBaY3bf+PMnBW1xaHH2s5x16/U8nHfBVXoAPoAP5UzyYc7vKj3cc+WuflGF5xn5RwPQcCgCkmTcEdf3RyB8oztweCeOcjk8etZKfaLfzgLW6KkkAH7JgKxuSCbhrwYybhSN2Cu0Dgium2qDkAA+uBn86CqsMFQR6EAj8jQBylsz2s+65LJbFcqboWlswYjI/wBL+1H7Yc+oIHOamvgl4AYz8hwVIJIKsTbXRDWpbI+yMSOSBk4roXhhkAV4o3A6BkVgPpkcfhTBaW46RIBzgBVAGeoAA4HsKAOYxcJaBRbXW24wFNqbX/RQpwP+Pa6tW/49cdfmyRnnrJp9u8fzfY5MjkBhbckewuc234cjjjNdOI1RcINuOQB/LA/zzUYG0nAwT1xwSfegDnALj7UDc2l2BgYBW2NuAMEZuTqec8DjHUAYyBXRDoOCOBwSCRx0JBIJHqCR7mpZBkA+h/qP6io6B20v5tfdb/MsUUUUCCiiigAooooAKKKKACiiigAooooAKKKKACiiigAooooAKP8AP50UUAJgeg/IUYHoPyFLRQAdKTA9B+QpaKAEwPQfkKWiigAooooAKKKKACiiigAooooAKKKKACiiigAooooAKKKKACiiigAooooAKKKKACiiigAooooAKKKKACiiigAooooAKKKKACiiigAooooAa/3T+H8xUNWKiZccjp/L/GgCWiiigAooooAKKKKACiiigAooooAKKKKACiiigAooooAKKKKACiiigAooooAKKKKACiiigAooooAKKKKACiiigAooooAKKKKACiiigAooooAKKKKACiiigAooooAKKKKACiiigAooooAKKKKACiiigAooooAKKKKACiiigAooooAKKKKACiiigAooooAKKKKAP//Zml/dBQAAAACkES3UeS/XjCHAwL4Tji+x', '在职', 'Java开发工程师', '', '{\"school\":\"北京大学\",\"major\":\"计算机科学与技术\",\"degree\":\"本科\",\"studyPeriod\":[]}', '{\"skill\":\"JAVA\"}', '{\"company\":\"\",\"department\":\"\",\"position\":\"\",\"period\":[],\"details\":\"\"}', '{\"name\":\"\",\"period\":[],\"details\":\"\"}', '{\"details\":\"\"}', '2025-12-06 09:09:57');
INSERT INTO `resume` VALUES (1997182638488248323, 'user001', '张三', '13800138001', 'zhangsan@example.com', NULL, '在职', 'Java高级开发工程师', '25K-35K', '{\"school\":\"浙江大学\",\"major\":\"计算机科学与技术\",\"degree\":\"本科\"}', '{\"skill\":\"精通Java、Spring Boot、Spring Cloud微服务架构；熟练使用MySQL、Redis、MongoDB等数据库；具备分布式系统设计经验，熟悉消息队列Kafka、RabbitMQ；了解容器化技术Docker、Kubernetes。\"}', '{\"company\":\"阿里巴巴\",\"department\":\"淘宝技术部\",\"position\":\"高级Java开发工程师\",\"details\":\"负责淘宝商品中心核心系统的设计与开发，优化商品搜索性能，QPS提升50%；主导订单系统重构，支撑双11亿级订单处理；参与微服务架构升级，将单体应用拆分为20+微服务。\"}', '{\"name\":\"淘宝商品中心重构\",\"details\":\"主导商品中心从单体架构向微服务架构的演进，采用DDD领域驱动设计，实现商品、库存、价格等核心域的解耦；引入Elasticsearch提升搜索性能，支撑千万级商品的毫秒级检索。\"}', '{\"details\":\"2022年阿里巴巴技术创新奖；2021年双11技术保障突出贡献奖\"}', '2025-12-06 16:35:42');
INSERT INTO `resume` VALUES (1997182638488248324, 'user002', '李四', '13800138002', 'lisi@example.com', NULL, '离职', '产品经理', '20K-30K', '{\"school\":\"北京大学\",\"major\":\"信息管理与信息系统\",\"degree\":\"硕士\"}', '{\"skill\":\"精通产品规划与需求分析，熟练使用Axure、Figma等原型工具；具备数据分析能力，熟悉SQL和Python；有B端SaaS产品经验，了解企业服务市场。\"}', '{\"company\":\"字节跳动\",\"department\":\"飞书产品部\",\"position\":\"高级产品经理\",\"details\":\"负责飞书文档产品线规划，主导协同编辑功能设计，DAU提升200%；推动飞书与第三方应用集成，拓展企业服务生态；建立产品数据指标体系，通过数据驱动产品迭代。\"}', '{\"name\":\"飞书文档协同编辑\",\"details\":\"从0到1设计飞书文档实时协同编辑功能，支持多人同时编辑、评论、@提醒等功能；通过用户调研和竞品分析，确定产品差异化定位；协调研发、设计、测试团队，按期完成产品上线。\"}', '{\"details\":\"2023年字节跳动产品创新奖；飞书最佳产品经理\"}', '2025-12-06 16:35:42');
INSERT INTO `resume` VALUES (1997182638488248325, 'user003', '王五', '13800138003', 'wangwu@example.com', NULL, '应届生', '前端开发工程师', '12K-18K', '{\"school\":\"复旦大学\",\"major\":\"软件工程\",\"degree\":\"本科\"}', '{\"skill\":\"熟练掌握Vue.js、React等前端框架；精通JavaScript、TypeScript、HTML5、CSS3；了解Node.js后端开发；熟悉Git版本控制和敏捷开发流程。\"}', '{\"company\":\"腾讯（实习）\",\"department\":\"微信事业群\",\"position\":\"前端开发实习生\",\"details\":\"参与微信小程序开发工具的前端开发；负责组件库的维护和文档编写；修复用户反馈的Bug，优化开发者体验。\"}', '{\"name\":\"校园二手交易平台\",\"details\":\"独立完成校园二手交易平台的前端开发，使用Vue3+Vite技术栈；实现商品发布、搜索、即时聊天等核心功能；项目获得校级创新创业大赛一等奖。\"}', '{\"details\":\"复旦大学优秀毕业生；校级创新创业大赛一等奖；CET-6 580分\"}', '2025-12-06 16:35:42');

-- ----------------------------
-- Table structure for user
-- ----------------------------
DROP TABLE IF EXISTS `user`;
CREATE TABLE `user`  (
  `id` varchar(32) CHARACTER SET utf8mb4 COLLATE utf8mb4_0900_ai_ci NULL DEFAULT NULL,
  `username` varchar(100) CHARACTER SET utf8mb4 COLLATE utf8mb4_0900_ai_ci NULL DEFAULT NULL,
  `password` varchar(100) CHARACTER SET utf8mb4 COLLATE utf8mb4_0900_ai_ci NULL DEFAULT NULL,
  `email` varchar(100) CHARACTER SET utf8mb4 COLLATE utf8mb4_0900_ai_ci NULL DEFAULT NULL,
  `phone` varchar(100) CHARACTER SET utf8mb4 COLLATE utf8mb4_0900_ai_ci NULL DEFAULT NULL,
  `user_type` tinyint NOT NULL DEFAULT 0 COMMENT '用户类型(0:普通用户 1:管理员)'
) ENGINE = InnoDB CHARACTER SET = utf8mb4 COLLATE = utf8mb4_0900_ai_ci ROW_FORMAT = DYNAMIC;

-- ----------------------------
-- Records of user
-- ----------------------------
INSERT INTO `user` VALUES (NULL, 'test', '123456', '1796145608@qq.com', NULL, 0);
INSERT INTO `user` VALUES ('user001', '张三', '123456', 'zhangsan@example.com', '13800138001', 0);
INSERT INTO `user` VALUES ('user002', '李四', '123456', 'lisi@example.com', '13800138002', 0);
INSERT INTO `user` VALUES ('user003', '王五', '123456', 'wangwu@example.com', '13800138003', 0);
INSERT INTO `user` VALUES ('user004', '赵六', '123456', 'zhaoliu@example.com', '13800138004', 0);
INSERT INTO `user` VALUES ('user005', '陈七', '123456', 'chenqi@example.com', '13800138005', 0);
INSERT INTO `user` VALUES ('admin001', 'admin', '123456', 'admin@example.com', '13800000000', 1);

-- ----------------------------
-- Table structure for user_profile
-- ----------------------------
DROP TABLE IF EXISTS `user_profile`;
CREATE TABLE `user_profile`  (
  `id` bigint NOT NULL AUTO_INCREMENT COMMENT '主键ID',
  `user_id` varchar(32) CHARACTER SET utf8mb4 COLLATE utf8mb4_0900_ai_ci NOT NULL COMMENT '用户ID',
  `name` varchar(50) CHARACTER SET utf8mb4 COLLATE utf8mb4_0900_ai_ci NULL DEFAULT NULL COMMENT '姓名',
  `gender` varchar(10) CHARACTER SET utf8mb4 COLLATE utf8mb4_0900_ai_ci NULL DEFAULT NULL COMMENT '性别',
  `birth_date` date NULL DEFAULT NULL COMMENT '出生日期',
  `phone` varchar(20) CHARACTER SET utf8mb4 COLLATE utf8mb4_0900_ai_ci NULL DEFAULT NULL COMMENT '电话',
  `email` varchar(100) CHARACTER SET utf8mb4 COLLATE utf8mb4_0900_ai_ci NULL DEFAULT NULL COMMENT '邮箱',
  `address` varchar(200) CHARACTER SET utf8mb4 COLLATE utf8mb4_0900_ai_ci NULL DEFAULT NULL COMMENT '现居地址',
  `job_status` varchar(20) CHARACTER SET utf8mb4 COLLATE utf8mb4_0900_ai_ci NULL DEFAULT NULL COMMENT '求职状态(在职/离职/应届生)',
  `job_title` varchar(100) CHARACTER SET utf8mb4 COLLATE utf8mb4_0900_ai_ci NULL DEFAULT NULL COMMENT '期望职位',
  `job_city` varchar(50) CHARACTER SET utf8mb4 COLLATE utf8mb4_0900_ai_ci NULL DEFAULT NULL COMMENT '期望工作城市',
  `salary_min` int NULL DEFAULT NULL COMMENT '期望薪资下限(K)',
  `salary_max` int NULL DEFAULT NULL COMMENT '期望薪资上限(K)',
  `school` varchar(100) CHARACTER SET utf8mb4 COLLATE utf8mb4_0900_ai_ci NULL DEFAULT NULL COMMENT '毕业院校',
  `major` varchar(100) CHARACTER SET utf8mb4 COLLATE utf8mb4_0900_ai_ci NULL DEFAULT NULL COMMENT '专业',
  `degree` varchar(20) CHARACTER SET utf8mb4 COLLATE utf8mb4_0900_ai_ci NULL DEFAULT NULL COMMENT '学历(本科/硕士/博士等)',
  `graduation_date` date NULL DEFAULT NULL COMMENT '毕业时间',
  `skills` text CHARACTER SET utf8mb4 COLLATE utf8mb4_0900_ai_ci NULL COMMENT '技能标签(逗号分隔)',
  `self_introduction` text CHARACTER SET utf8mb4 COLLATE utf8mb4_0900_ai_ci NULL COMMENT '自我介绍',
  `create_time` datetime NOT NULL DEFAULT CURRENT_TIMESTAMP COMMENT '创建时间',
  `update_time` datetime NOT NULL DEFAULT CURRENT_TIMESTAMP ON UPDATE CURRENT_TIMESTAMP COMMENT '更新时间',
  PRIMARY KEY (`id`) USING BTREE,
  UNIQUE INDEX `uk_user_id`(`user_id` ASC) USING BTREE
) ENGINE = InnoDB AUTO_INCREMENT = 7 CHARACTER SET = utf8mb4 COLLATE = utf8mb4_0900_ai_ci COMMENT = '用户个人信息表' ROW_FORMAT = Dynamic;

-- ----------------------------
-- Records of user_profile
-- ----------------------------
INSERT INTO `user_profile` VALUES (1, 'null', '小明', '', NULL, '15252393509', '1796145608@qq.com', '', '在职', 'Java开发工程师', '北京', NULL, NULL, '北京大学', '计算机科学与技术', '本科', NULL, 'JAVA', '', '2025-12-06 16:14:44', '2025-12-06 16:14:55');
INSERT INTO `user_profile` VALUES (2, 'user001', '张三', '男', '1995-06-15', '13800138001', 'zhangsan@example.com', '浙江省杭州市西湖区', '在职', 'Java高级开发工程师', '杭州', 25, 35, '浙江大学', '计算机科学与技术', '本科', '2017-07-01', 'Java,Spring Boot,MySQL,Redis,微服务', '5年Java开发经验，熟悉分布式系统设计，有大型电商项目经验。', '2025-12-06 16:35:42', '2025-12-06 16:35:42');
INSERT INTO `user_profile` VALUES (3, 'user002', '李四', '女', '1997-03-22', '13800138002', 'lisi@example.com', '北京市朝阳区', '离职', '产品经理', '北京', 20, 30, '北京大学', '信息管理与信息系统', '硕士', '2021-07-01', '产品规划,需求分析,原型设计,数据分析', '3年产品经验，主导过多个B端产品从0到1的设计与落地。', '2025-12-06 16:35:42', '2025-12-06 16:35:42');
INSERT INTO `user_profile` VALUES (4, 'user003', '王五', '男', '1998-11-08', '13800138003', 'wangwu@example.com', '上海市浦东新区', '应届生', '前端开发工程师', '上海', 12, 18, '复旦大学', '软件工程', '本科', '2024-07-01', 'Vue.js,React,JavaScript,TypeScript,HTML5,CSS3', '应届毕业生，在校期间参与多个Web项目开发，熟悉Vue和React框架。', '2025-12-06 16:35:42', '2025-12-06 16:35:42');
INSERT INTO `user_profile` VALUES (5, 'user004', '赵六', '男', '1993-08-30', '13800138004', 'zhaoliu@example.com', '广东省深圳市南山区', '在职', '数据分析师', '深圳', 18, 28, '中山大学', '统计学', '硕士', '2018-07-01', 'Python,SQL,Tableau,机器学习,数据挖掘', '6年数据分析经验，擅长用户行为分析和商业智能报表开发。', '2025-12-06 16:35:42', '2025-12-06 16:35:42');
INSERT INTO `user_profile` VALUES (6, 'user005', '陈七', '女', '1996-01-18', '13800138005', 'chenqi@example.com', '四川省成都市高新区', '在职', 'UI设计师', '成都', 15, 22, '四川美术学院', '视觉传达设计', '本科', '2018-07-01', 'Figma,Sketch,Photoshop,Illustrator,设计系统', '4年UI设计经验，有完整的设计系统搭建经验，注重用户体验。', '2025-12-06 16:35:42', '2025-12-06 16:35:42');

SET FOREIGN_KEY_CHECKS = 1;
